,station_id,name,physical_configuration,lat,lon,altitude,address,post_code,capacity,is_charging_station,nearby_distance,x_ride_code_support,cross_street,last_updated,ttl
0,1,"GRAN VIA CORTS CATALANES, 760",ELECTRICBIKESTATION,41.3979779,2.1801069,16,"GRAN VIA CORTS CATALANES, 760",8013,46,True,1000,True,,1661983179,2
1,2,"C/ ROGER DE FLOR, 126",ELECTRICBIKESTATION,41.3954877,2.1771985,17,"C/ ROGER DE FLOR, 126",8013,29,True,1000,True,,1661983179,2
2,3,"C/ NÀPOLS, 82",ELECTRICBIKESTATION,41.3941557,2.1813305,11,"C/ NÀPOLS, 82",8013,27,True,1000,True,,1661983179,2
3,4,"C/ RIBES, 13",ELECTRICBIKESTATION,41.3933173,2.1812483,8,"C/ RIBES, 13",8013,21,True,1000,True,,1661983179,2
4,5,"PG. LLUIS COMPANYS, 11 (ARC TRIOMF)",ELECTRICBIKESTATION,41.3911035,2.1801763,7,"PG. LLUIS COMPANYS, 11 (ARC TRIOMF)",8018,39,True,1000,True,,1661983179,2
5,6,"PG. LLUIS COMPANYS, 18  (ARC TRIOMF)",ELECTRICBIKESTATION,41.3914292,2.1805685,10,"PG. LLUIS COMPANYS, 18  (ARC TRIOMF)",8018,39,True,1000,True,,1661983179,2
6,7,"PG. PUJADES,  1 (JUTJATS)",ELECTRICBIKESTATION,41.388885,2.18329,6,"PG. PUJADES,  1 (JUTJATS)",8003,27,True,1000,True,,1661983179,2
7,8,"PG. PUJADES, 2",ELECTRICBIKESTATION,41.389135,2.183489,6,"PG. PUJADES, 2",8003,27,True,1000,True,,1661983179,2
8,9,"AV. MARQUÉS DE L'ARGENTERA,13",ELECTRICBIKESTATION,41.384546,2.184922,5,"AV. MARQUÉS DE L'ARGENTERA,13",8003,27,True,1000,True,,1661983179,2
9,10,"C/ 60, NÚMERO 25",ELECTRICBIKESTATION,41.3467746,2.1436235,4,"C/ 60, NÚMERO 25",8040,43,True,1000,True,,1661983179,2
10,11,"PG. MARITIM, 11 (DAVANT PL. BRUGADA)",ELECTRICBIKESTATION,41.3812425,2.1933482,7,"PG. MARITIM, 11 (DAVANT PL. BRUGADA)",8003,35,True,1000,True,,1661983179,2
11,12,"PG. MARITIM, 23 (HOSPITAL DEL MAR)",ELECTRICBIKESTATION,41.3833653,2.1946255,7,"PG. MARITIM, 23 (HOSPITAL DEL MAR)",8003,26,True,1000,True,,1661983179,2
12,13,"CARRER DE LA MARINA, 25-33",ELECTRICBIKESTATION,41.3881248,2.1951871,7,"CARRER DE LA MARINA, 25-33",8005,54,True,1000,True,,1661983179,2
13,14,"AV. MARQUÉS DE  L'ARGENTERA, 15",ELECTRICBIKESTATION,41.384844,2.185085,5,"AV. MARQUÉS DE  L'ARGENTERA, 15",8003,27,True,1000,True,,1661983179,2
14,15,"C/ CONSELL DE CENT, 397",ELECTRICBIKESTATION,41.3949085,2.1706023,25,"C/ CONSELL DE CENT, 397",8009,27,True,1000,True,,1661983179,2
15,17,"AV. MERIDIANA, 47 (D)",ELECTRICBIKESTATION,41.3982615,2.1866517,14,"AV. MERIDIANA, 47 (D)",8013,42,True,1000,True,,1661983179,2
16,18,"C/ ROSSELLÓ, 453",ELECTRICBIKESTATION,41.4060589,2.1740472,38,"C/ ROSSELLÓ, 453",8025,25,True,1000,True,,1661983179,2
17,19,"C/ ROSSELLÓ, 354",ELECTRICBIKESTATION,41.4031491,2.1707947,40,"C/ ROSSELLÓ, 354",8025,30,True,1000,True,,1661983179,2
18,20,"C/ CARTAGENA, 308",ELECTRICBIKESTATION,41.410314,2.1757334,46,"C/ CARTAGENA, 308",8025,18,True,1000,True,,1661983179,2
19,21,"C/ SANT ANTONI MARIA CLARET, 214",ELECTRICBIKESTATION,41.4108439,2.1740575,52,"C/ SANT ANTONI MARIA CLARET, 214",8025,21,True,1000,True,,1661983179,2
20,22,"C/ SARDENYA, 292",ELECTRICBIKESTATION,41.4016969,2.175767,28,"C/ SARDENYA, 292",8013,19,True,1000,True,,1661983179,2
21,23,"C/ BRUC, 45",ELECTRICBIKESTATION,41.3924661,2.1717397,21,"C/ BRUC, 45",8010,27,True,1000,True,,1661983179,2
22,24,"C/ MARINA, 199",ELECTRICBIKESTATION,41.4005784,2.1788855,23,"C/ MARINA, 199",8013,30,True,1000,True,,1661983179,2
23,25,"C/ BRUC, 102",ELECTRICBIKESTATION,41.3954041,2.1681961,29,"C/ BRUC, 102",8009,21,True,1000,True,,1661983179,2
24,26,"C/ DOS DE MAIG, 230-232",ELECTRICBIKESTATION,41.4071692,2.1820722,22,"C/ DOS DE MAIG, 230-232",8013,18,True,1000,True,,1661983179,2
25,27,"C/ PROVENÇA, 322",ELECTRICBIKESTATION,41.3967524,2.1646338,38,"C/ PROVENÇA, 322",8037,21,True,1000,True,,1661983179,2
26,28,"C/ SARDENYA, 362",ELECTRICBIKESTATION,41.4055143,2.1706498,46,"C/ SARDENYA, 362",8025,23,True,1000,True,,1661983179,2
27,29,"C/ PROVENÇA, 388-390",ELECTRICBIKESTATION,41.401061,2.169941,34,"C/ PROVENÇA, 388-390",8025,23,True,1000,True,,1661983179,2
28,30,"C/ CASTILLEJOS, 184",ELECTRICBIKESTATION,41.4021805,2.1829894,13,"C/ CASTILLEJOS, 184",8013,29,True,1000,True,,1661983179,2
29,31,PL. DEL MAR,ELECTRICBIKESTATION,41.3748001,2.1889045,4,PL. DEL MAR,8003,18,True,1000,True,,1661983179,2
30,32,LA BARCELONETA (CN BARCELONETA),ELECTRICBIKESTATION,41.3736911,2.188928,4,LA BARCELONETA (CN BARCELONETA),8003,15,True,1000,True,,1661983179,2
31,33,C/ PONTEVEDRA / JUDICI,ELECTRICBIKESTATION,41.37686,2.19067,4,C/ PONTEVEDRA / JUDICI,8003,21,True,1000,True,,1661983179,2
32,34,"C/ SANT PERE MÉS ALT, 4",ELECTRICBIKESTATION,41.3871079,2.1753364,9,"C/ SANT PERE MÉS ALT, 4",8003,21,True,1000,True,,1661983179,2
33,35,"C/ SANT RAMON DE PENYAFORT, 1",ELECTRICBIKESTATION,41.4134833,2.2206913,5,"C/ SANT RAMON DE PENYAFORT, 1",8930,43,True,1000,True,,1661983179,2
34,36,"AV. DE LA CATEDRAL, 6",ELECTRICBIKESTATION,41.3850616,2.1766834,8,"AV. DE LA CATEDRAL, 6",8002,21,True,1000,True,,1661983179,2
35,37,"PL. ANTONIO LÓPEZ (CORREUS, VIA LAIETANA",ELECTRICBIKESTATION,41.381316,2.181903,4,"PL. ANTONIO LÓPEZ (CORREUS, VIA LAIETANA)",8002,24,True,1000,True,,1661983179,2
36,39,BITTER KAS-PL. PAU VILA (D),ELECTRICBIKESTATION,41.381046,2.186576,4,BITTER KAS-PL. PAU VILA (D),8039,44,True,1000,True,,1661983179,2
37,40,"C/ DOCTOR AIGUADER, 2",ELECTRICBIKESTATION,41.382335,2.187093,6,"C/ DOCTOR AIGUADER, 2",8039,17,True,1000,True,,1661983179,2
38,41,PL. POETA BOSCÀ/ATLÀNTIDA,ELECTRICBIKESTATION,41.379326,2.189906,5,PL. POETA BOSCÀ/ATLÀNTIDA,8003,25,True,1000,True,,1661983179,2
39,42,"C/ CIUTAT DE GRANADA, 168 / AV. DIAGONAL",ELECTRICBIKESTATION,41.404511,2.189881,4,"C/ CIUTAT DE GRANADA, 168 / AV. DIAGONAL",8018,24,True,1000,True,,1661983179,2
40,43,"C/ CLOT, 1",ELECTRICBIKESTATION,41.4063864,2.1874404,13,"C/ CLOT, 1",8018,27,True,1000,True,,1661983179,2
41,44,"AV. MERIDIANA, 66 (COSTAT METRO GLORIES)",ELECTRICBIKESTATION,41.4018969,2.1871575,16,"AV. MERIDIANA, 66 ( COSTAT METRO GLORIES)",8018,21,True,1000,True,,1661983179,2
42,45,"C/ SARDENYA, 66",ELECTRICBIKESTATION,41.3913036,2.189476,5,"C/ SARDENYA, 66",8005,27,True,1000,True,,1661983179,2
43,46,"C/ RAMON TRIAS FARGAS, 19 (D)",ELECTRICBIKESTATION,41.3885744,2.1930099,7,"C/ RAMON TRIAS FARGAS, 19 (D)",8005,54,True,1000,True,,1661983179,2
44,47,"C/ RAMON TRIAS FARGAS, 21",ELECTRICBIKESTATION,41.3902194,2.1904003,5,"C/ RAMON TRIAS FARGAS, 21",8005,47,True,1000,True,,1661983179,2
45,48,"AV. MERIDIANA, 40",ELECTRICBIKESTATION,41.3960652,2.1871959,11,"AV. MERIDIANA, 40",8018,21,True,1000,True,,1661983179,2
46,49,"C/ ROSA SENSAT, 20",ELECTRICBIKESTATION,41.3910756,2.1965766,5,"C/ ROSA SENSAT, 20",8005,20,True,1000,True,,1661983179,2
47,50,"AV. PARAL.LEL, 54",ELECTRICBIKESTATION,41.3751145,2.1709386,8,"AV. PARAL.LEL, 54",8004,18,True,1000,True,,1661983179,2
48,51,PL. VICENÇ MARTORELL,ELECTRICBIKESTATION,41.3842634,2.1692556,12,PL. VICENÇ MARTORELL,8001,20,True,1000,True,,1661983179,2
49,52,"PL. SANT MIQUEL, 4",ELECTRICBIKESTATION,41.381708,2.177292,11,"PL. SANT MIQUEL, 4",8002,32,True,1000,True,,1661983179,2
50,53,PL. CARLES PI I SUNYER,ELECTRICBIKESTATION,41.385086,2.174016,10,PL. CARLES PI I SUNYER,8002,21,True,1000,True,,1661983179,2
51,54,"C/ SANT OLEGUER, 2",ELECTRICBIKESTATION,41.3775319,2.1707321,6,"C/ SANT OLEGUER, 2",8001,19,True,1000,True,,1661983179,2
52,55,"LA RAMBLA, 80",ELECTRICBIKESTATION,41.3814279,2.1732861,8,"LA RAMBLA, 80",8002,19,True,1000,True,,1661983179,2
53,56,"PORTAL DE SANTA MADRONA, 2-4",ELECTRICBIKESTATION,41.3770715,2.1758261,5,"PORTAL DE SANTA MADRONA, 2-4",8001,27,True,1000,True,,1661983179,2
54,57,"RAMBLA, 2",ELECTRICBIKESTATION,41.3768761,2.1772251,4,"RAMBLA, 2",8002,23,True,1000,True,,1661983179,2
55,58,PLAÇA DELS ÀNGELS (MACBA),ELECTRICBIKESTATION,41.38268,2.16712,11,PLAÇA DELS ÀNGELS (MACBA),8001,43,True,1000,True,,1661983179,2
56,60,"RAMBLA CATALUNYA, 47",ELECTRICBIKESTATION,41.3902625,2.164035,27,"RAMBLA CATALUNYA, 47",8007,27,True,1000,True,,1661983179,2
57,61,"C/  PAU CLARIS, 120",ELECTRICBIKESTATION,41.3923875,2.1679349,26,"C/ PAU CLARIS, 120",8009,21,True,1000,True,,1661983179,2
58,62,"BITTER KAS-PL. CATALUNYA, 5",ELECTRICBIKESTATION,41.387235,2.168819,19,"BITTER KAS-PL. CATALUNYA, 5",8002,25,True,1000,True,,1661983179,2
59,63,"PL. CATALUNYA, 7",ELECTRICBIKESTATION,41.386543,2.169427,19,"PL. CATALUNYA, 7",8002,27,True,1000,True,,1661983179,2
60,64,"PL. CATALUNYA, 10-11 (RAMBLA)",ELECTRICBIKESTATION,41.387493,2.1690686,21,"PL. CATALUNYA, 10-11 (RAMBLA)",8002,21,True,1000,True,,1661983179,2
61,65,"PL. CATALUNYA, 10-11 (PG. DE GRACIA)",ELECTRICBIKESTATION,41.387696,2.1696543,20,"PL. CATALUNYA, 10-11 (PG. DE GRACIA)",8002,21,True,1000,True,,1661983179,2
62,66,"GRAN VIA DE LES CORTS CATALANES, 609",ELECTRICBIKESTATION,41.3893222,2.1678388,23,"GRAN VIA DE LES CORTS CATALANES, 609",8007,16,True,1000,True,,1661983179,2
63,67,"C/ ROCAFORT, 214 / ROSSELLÓ",ELECTRICBIKESTATION,41.3852864,2.1454802,37,"C/ ROCAFORT, 214 / ROSSELLÓ",8029,24,True,1000,True,,1661983179,2
64,68,"RAMBLA CATALUNYA, 133 /  CÒRSEGA",ELECTRICBIKESTATION,41.3953894,2.1572953,44,"RAMBLA CATALUNYA, 133 /  CÒRSEGA",8008,27,True,1000,True,,1661983179,2
65,69,"CARRER DE LA MARINA,25-33",ELECTRICBIKESTATION,41.3881248,2.1951871,7,"CARRER DE LA MARINA,25-33",8005,43,True,1000,True,,1661983179,2
66,70,"C/ COMTE URGELL, 23",ELECTRICBIKESTATION,41.380393,2.1606506,15,"C/ COMTE URGELL, 23",8011,27,True,1000,True,,1661983179,2
67,71,"C/ FLORIDABLANCA, 145",ELECTRICBIKESTATION,41.3819459,2.1629146,16,"C/ FLORIDABLANCA, 145",8011,21,True,1000,True,,1661983179,2
68,72,"C/ PROVENÇA, 215",ELECTRICBIKESTATION,41.3927771,2.1586273,37,"C/ PROVENÇA, 215",8008,26,True,1000,True,,1661983179,2
69,73,"C/ ENRIC GRANADOS, 93",ELECTRICBIKESTATION,41.392135,2.1563542,39,"C/ ENRIC GRANADOS, 93",8008,27,True,1000,True,,1661983179,2
70,74,"AV. JOSEP TARRADELLAS, 133",ELECTRICBIKESTATION,41.3900085,2.1432105,47,"AV. JOSEP TARRADELLAS, 133",8029,15,True,1000,True,,1661983179,2
71,75,"AV. JOSEP TARRADELLAS, 58",ELECTRICBIKESTATION,41.385004,2.1429115,40,"AV. JOSEP TARRADELLAS, 58",8029,21,True,1000,True,,1661983179,2
72,76,"C/ CÒRSEGA, 216",ELECTRICBIKESTATION,41.3917666,2.1532163,40,"C/ CÒRSEGA, 216",8036,32,True,1000,True,,1661983179,2
73,77,"AV. FRANCESC CAMBÓ, 10",ELECTRICBIKESTATION,41.3855644,2.1773214,8,"AV. FRANCESC CAMBÓ, 10",8003,24,True,1000,True,,1661983179,2
74,78,PL. UNIVERSITAT /  ARIBAU,ELECTRICBIKESTATION,41.3856474,2.1634306,21,PL. UNIVERSITAT /  ARIBAU,8011,27,True,1000,True,,1661983179,2
75,79,PL.  UNIVERSITAT,ELECTRICBIKESTATION,41.385503,2.1634768,21,PL. UNIVERSITAT,8007,24,True,1000,True,,1661983179,2
76,80,"C/ ENRIC  GRANADOS, 35",ELECTRICBIKESTATION,41.389668,2.1599078,31,"C/ ENRIC  GRANADOS, 35",8007,20,True,1000,True,,1661983179,2
77,81,"C/ VILAMARÍ,  61",ELECTRICBIKESTATION,41.3790718,2.1490553,24,"C/ VILAMARÍ,  61",8015,21,True,1000,True,,1661983179,2
78,82,"C/ ROCAFORT, 72-74",ELECTRICBIKESTATION,41.3790693,2.1537635,20,"C/ ROCAFORT, 72-74",8015,40,True,1000,True,,1661983179,2
79,83,"C/ COMTE BORRELL, 177",ELECTRICBIKESTATION,41.3841132,2.1536821,25,"C/ COMTE BORRELL, 177",8015,24,True,1000,True,,1661983179,2
80,84,"C/ DEL COMTE D'URGELL, 75 B",ELECTRICBIKESTATION,41.3830299,2.1571646,20,"C/ DEL COMTE D'URGELL, 75 B",8011,27,True,1000,True,,1661983179,2
81,85,"AV. PARAL·LEL, 146 BIS",ELECTRICBIKESTATION,41.3751852,2.1592394,15,"AV. PARAL·LEL, 146 BIS",8015,40,True,1000,True,,1661983179,2
82,86,"C/ VILADOMAT,  2",ELECTRICBIKESTATION,41.3755747,2.1629349,12,"C/ VILADOMAT,  2",8015,27,True,1000,True,,1661983179,2
83,87,"C/ MALLORCA, 41-43",ELECTRICBIKESTATION,41.3834802,2.1482099,29,"C/ MALLORCA, 41-43",8029,25,True,1000,True,,1661983179,2
84,88,"C/ LONDRES, 101-103",ELECTRICBIKESTATION,41.3936144,2.1507739,45,"C/ LONDRES, 101-103",8036,20,True,1000,True,,1661983179,2
85,89,"C/ ROSSELLÓ,  101",ELECTRICBIKESTATION,41.3879131,2.150342,36,"C/ ROSSELLÓ,  101",8036,27,True,1000,True,,1661983179,2
86,90,"C/ ROSSELLÓ, 108-110",ELECTRICBIKESTATION,41.388296,2.150878,36,"C/ ROSSELLÓ, 108-110",8036,18,True,1000,True,,1661983179,2
87,91,"C/ COMTE D'URGELL, 43",ELECTRICBIKESTATION,41.3812504,2.1594741,16,"C/ COMTE D'URGELL, 43",8011,35,True,1000,True,,1661983179,2
88,92,"C / PROVENÇA, 241",ELECTRICBIKESTATION,41.3938861,2.1601641,37,"C / PROVENÇA, 241",8008,18,True,1000,True,,1661983179,2
89,94,"GRAN VIA DE LES CORTS CATALANES,375",ELECTRICBIKESTATION,41.3757914,2.1499102,26,"GRAN  VIA DE LES CORTS CATALANES, 375-385",8015,47,True,1000,True,,1661983179,2
90,95,"C/ TARRAGONA, 103-115",ELECTRICBIKESTATION,41.3763948,2.1473272,28,"C/ TARRAGONA, 103-115",8014,33,True,1000,True,,1661983179,2
91,97,"C/ TARRAGONA, 141",ELECTRICBIKESTATION,41.3779613,2.1450491,29,"C/ TARRAGONA, 141",8014,21,True,1000,True,,1661983179,2
92,98,"C/ VIRIAT, 43",ELECTRICBIKESTATION,41.3806074,2.1408633,31,"C/ VIRIAT, 43",8014,21,True,1000,True,,1661983179,2
93,99,"C/ VIRIAT,  53",ELECTRICBIKESTATION,41.3808222,2.141539,30,"C/ VIRIAT,  53",8014,21,True,1000,True,,1661983179,2
94,100,"C/ TARRAGONA,  159-173",ELECTRICBIKESTATION,41.3787064,2.1443579,29,"C/ TARRAGONA,  159-173",8014,22,True,1000,True,,1661983179,2
95,101,"AV. DIAGONAL,  602",ELECTRICBIKESTATION,41.392878,2.143411,53,"AV. DIAGONAL, 602",8021,24,True,1000,True,,1661983179,2
96,102,"BITTER KAS-AV. DIAGONAL,  612",ELECTRICBIKESTATION,41.392567,2.1422174,54,"BITTER KAS-AV. DIAGONAL,  612",8021,24,True,1000,True,,1661983179,2
97,103,"C/ ARAGÓ, 629",ELECTRICBIKESTATION,41.410098,2.1884487,16,"C/ ARAGÓ, 629",8026,21,True,1000,True,,1661983179,2
98,104,"C/ VALÈNCIA,  621",ELECTRICBIKESTATION,41.4108005,2.1872438,16,"C/ VALÈNCIA, 621",8026,26,True,1000,True,,1661983179,2
99,105,"PL. URQUINAONA, 9-10",ELECTRICBIKESTATION,41.3888694,2.1735975,15,"PL. URQUINAONA, 9-10",8010,21,True,1000,True,,1661983179,2
100,106,"PL  JOANIC - C / BRUNIQUER, 59",ELECTRICBIKESTATION,41.4055198,2.1622548,56,"PL  JOANIC - C / BRUNIQUER, 59",8024,20,True,1000,True,,1661983179,2
101,107,"TRAV. DE GRÀCIA, 92 / VIA AUGUSTA",ELECTRICBIKESTATION,41.3982304,2.1531031,56,"TRAV. DE GRÀCIA, 92 / VIA AUGUSTA",8006,20,True,1000,True,,1661983179,2
102,108,"C / INDÚSTRIA, 10",ELECTRICBIKESTATION,41.4022081,2.1649035,45,"C / INDÚSTRIA, 10",8037,21,True,1000,True,,1661983179,2
103,109,"C/ LONDRES,  53",ELECTRICBIKESTATION,41.3912605,2.1476308,43,"C/ LONDRES,  53",8036,23,True,1000,True,,1661983179,2
104,110,"AV. ROMA,  136",ELECTRICBIKESTATION,41.3852585,2.155089,25,"AV. ROMA,  136",8011,21,True,1000,True,,1661983179,2
105,111,"C/ CALÀBRIA,  137",ELECTRICBIKESTATION,41.3811829,2.1528769,21,"C/ CALÀBRIA, 137",8015,27,True,1000,True,,1661983179,2
106,112,"C/ FLORIDABLANCA,  49",ELECTRICBIKESTATION,41.3776721,2.157233,13,"C/ FLORIDABLANCA, 49",8015,20,True,1000,True,,1661983179,2
107,113,"RONDA DE SANT PAU , 51",ELECTRICBIKESTATION,41.3773113,2.1646742,11,"RONDA DE SANT PAU, 51",8015,34,True,1000,True,,1661983179,2
108,114,"PL. JEAN GENET,  1",ELECTRICBIKESTATION,41.376735,2.1740082,5,"PL. JEAN GENET,  1",8001,20,True,1000,True,,1661983179,2
109,115,"AV. MARQUÉS DE L'ARGENTERA,  3",ELECTRICBIKESTATION,41.383597,2.184171,4,"AV. MARQUÉS DE L'ARGENTERA,  3",8003,21,True,1000,True,,1661983179,2
110,116,"C/ DEL DR. AIGUADER, 72 / PG. SALVAT",ELECTRICBIKESTATION,41.3838369,2.1914756,5,"C/ DEL DR. AIGUADER, 72 / PG. SALVAT PAPASSEIT",8003,27,True,1000,True,,1661983179,2
111,117,"C/ ROSA SENSAT, 12",ELECTRICBIKESTATION,41.3906051,2.1972309,5,"C/ ROSA SENSAT, 12",8005,21,True,1000,True,,1661983179,2
112,118,"C/ PUJADES,  3",ELECTRICBIKESTATION,41.39212,2.1874966,6,"C/ PUJADES,  3",8018,27,True,1000,True,,1661983179,2
113,119,"C/ SARDENYA,  178",ELECTRICBIKESTATION,41.3967169,2.1825085,12,"C/ SARDENYA,  178",8013,39,True,1000,True,,1661983179,2
114,120,"C/ LEPANT,  278",ELECTRICBIKESTATION,41.4047056,2.1765126,28,"C/ LEPANT,  278",8013,21,True,1000,True,,1661983179,2
115,121,"C/ CASTILLEJOS, 258",ELECTRICBIKESTATION,41.4064529,2.1785364,28,"C/ CASTILLEJOS, 258",8013,21,True,1000,True,,1661983179,2
116,122,"C/ NÀPOLS, 344",ELECTRICBIKESTATION,41.4054458,2.1663172,54,"C/ NÀPOLS, 344",8025,25,True,1000,True,,1661983179,2
117,123,"C/ GIRONA, 142",ELECTRICBIKESTATION,41.3980195,2.1671018,34,"C/ GIRONA, 142",8037,21,True,1000,True,,1661983179,2
118,124,C/ NOVA  BOCANA,ELECTRICBIKESTATION,41.3702483,2.1878126,3,C/ NOVA  BOCANA,8039,30,True,1000,True,,1661983179,2
119,125,"PG. MARíTIM, 31 B (ANNEXA A LA  12)",ELECTRICBIKESTATION,41.3834753,2.194735,7,"PG. MARíTIM, 31 B (ANNEXA A LA  12)",8003,21,True,1000,True,,1661983179,2
120,126,PG. DE COLOM /VIA LAIETANA,ELECTRICBIKESTATION,41.380628,2.1822815,4,PG. DE COLOM /VIA LAIETANA,8002,23,True,1000,True,,1661983179,2
121,127,"C/ ARAGÓ, 659 / NAVAS DE TOLOSA",ELECTRICBIKESTATION,41.4120681,2.1907524,16,"C/ ARAGÓ, 659 /NAVAS DE TOLOSA",8026,27,True,1000,True,,1661983179,2
122,128,"RAMBLA DE GUIPÚSCOA, 43/FLUVIÀ",ELECTRICBIKESTATION,41.4158412,2.1959771,10,"RAMBLA DE GUIPÚSCOA, 43/FLUVIÀ",8020,43,True,1000,True,,1661983179,2
123,129,"C/ MANSO, 46",ELECTRICBIKESTATION,41.377046,2.16113608,13,"C/ MANSO, 46",8015,23,True,1000,True,,1661983179,2
124,130,"RAMBLA DE GUIPÚSCOA, 103 / CANTÀBRIA",ELECTRICBIKESTATION,41.4200135,2.2016699,8,"RAMBLA DE GUIPÚSCOA, 103 /CANTÀBRIA",8020,24,True,1000,True,,1661983179,2
125,131,"RAMBLA  DE GUIPÚSCOA, 158/ CA N'OLIVA",ELECTRICBIKESTATION,41.4227912,2.2060317,11,"RAMBLA  DE GUIPÚSCOA, 158/ CA N'OLIVA",8020,27,True,1000,True,,1661983179,2
126,132,PL. VALENTÍ ALMIRALL,ELECTRICBIKESTATION,41.4084796,2.192042,6,PL.VALENTÍ ALMIRALL,8018,27,True,1000,True,,1661983179,2
127,133,"GRAN VIA DE LES CORTS CATALANES,  902",ELECTRICBIKESTATION,41.4075013,2.1930174,6,"GRAN VIA DE LES CORTS CATALANES, 902",8018,16,True,1000,True,,1661983179,2
128,134,"C/ BAC DE RODA, 157",ELECTRICBIKESTATION,41.4113024,2.1987258,6,"C/ BAC DE RODA, 157",8018,21,True,1000,True,,1661983179,2
129,135,"GRAN VIA DE LES CORTS CATALANES,  981",ELECTRICBIKESTATION,41.4120452,2.1972673,8,"GRAN VIA DE LES CORTS CATALANES,  981",8018,21,True,1000,True,,1661983179,2
130,136,"GRAN VIA DE LES CORTS CATALANES,  1062",ELECTRICBIKESTATION,41.4139298,2.2017955,8,"GRAN VIA DE LES CORTS CATALANES,  1062",8020,31,True,1000,True,,1661983179,2
131,137,"GRAN VIA DE LES CORTS CATALANES , 1041",ELECTRICBIKESTATION,41.4145805,2.2008139,7,"GRAN VIA DE LES CORTS CATALANES, 1041",8020,25,True,1000,True,,1661983179,2
132,138,"GRAN VIA DE LES CORTS CATALANES,  1118",ELECTRICBIKESTATION,41.4167933,2.2058345,7,"GRAN VIA DE LES CORTS CATALANES, 1118",8020,21,True,1000,True,,1661983179,2
133,139,"GRAN VIA DE LES CORTS CATALANES,  1131",ELECTRICBIKESTATION,41.4183999,2.2058133,7,"GRAN VIA DE LES CORTS CATALANES,  1131",8020,35,True,1000,True,,1661983179,2
134,140,"C/ VILADOMAT,  122",ELECTRICBIKESTATION,41.3808772,2.1559939,19,"C/ VILADOMAT, 122",8015,27,True,1000,True,,1661983179,2
135,141,"C/ BILBAO, 174",ELECTRICBIKESTATION,41.4090202,2.1954152,7,"C/ BILBAO, 174",8018,32,True,1000,True,,1661983179,2
136,142,"C/ SANCHO DE ÁVILA,  104 - C/ BADAJOZ",ELECTRICBIKESTATION,41.4003793,2.1924144,4,"C/ SANCHO DE ÁVILA,  104 - C/ BADAJOZ",8018,32,True,1000,True,,1661983179,2
137,143,"C/ SANCHO DE ÁVILA, 170 / LLACUNA",ELECTRICBIKESTATION,41.4027907,2.1956161,4,"C/ SANCHO DE ÁVILA, 170 / LLACUNA",8018,26,True,1000,True,,1661983179,2
138,144,"C/ CASTELLA,  28 / DIAGONAL",ELECTRICBIKESTATION,41.4056269,2.1977119,4,"C/ CASTELLA,  28 / DIAGONAL",8018,27,True,1000,True,,1661983179,2
139,145,"C/ PERE IV,  301 / FLUVIÀ",ELECTRICBIKESTATION,41.4093405,2.2024461,4,"C/ PERE IV,  301 / FLUVIÀ",8020,27,True,1000,True,,1661983179,2
140,146,"C/ PERE IV, 488",ELECTRICBIKESTATION,41.4148983,2.207186,4,"C/ PERE IV, 488",8019,24,True,1000,True,,1661983179,2
141,147,"RAMBLA PRIM, 79",ELECTRICBIKESTATION,41.416043,2.2124993,5,"RAMBLA PRIM, 79",8019,33,True,1000,True,,1661983179,2
142,148,"RONDA SANT PAU, 79",ELECTRICBIKESTATION,41.3783467,2.1633139,12,"RONDA SANT PAU, 79",8015,27,True,1000,True,,1661983179,2
143,149,"C/ PUJADES, 57B",ELECTRICBIKESTATION,41.3958685,2.192952,4,"C/ PUJADES, 57B",8019,27,True,1000,True,,1661983179,2
144,150,"C/ ESPRONCEDA, 124",ELECTRICBIKESTATION,41.4065912,2.203028,4,"C/ ESPRONCEDA, 124",8005,27,True,1000,True,,1661983179,2
145,151,"C/ PALLARS, 182",ELECTRICBIKESTATION,41.4003471,2.1969105,3,"C/ PALLARS, 182",8005,27,True,1000,True,,1661983179,2
146,152,"C/ PUJADES, 121",ELECTRICBIKESTATION,41.3993329,2.1974184,3,"C/ PUJADES, 121",8005,27,True,1000,True,,1661983179,2
147,153,"C/ PUJADES, 173/RBLA POBLE NOU",ELECTRICBIKESTATION,41.4018686,2.20077,3,"C/ PUJADES, 173/RBLA POBLE NOU",8005,22,True,1000,True,,1661983179,2
148,154,"C/ PUJADES, 191",ELECTRICBIKESTATION,41.4026275,2.2017694,2,"C/ PUJADES, 191",8005,32,True,1000,True,,1661983179,2
149,155,"C/ PUJADES, 311/ FLUVIÀ",ELECTRICBIKESTATION,41.4070139,2.2074469,4,"C/ PUJADES, 311/ FLUVIÀ",8019,31,True,1000,True,,1661983179,2
150,156,"C/ SELVA DE MAR, 46",ELECTRICBIKESTATION,41.4091355,2.2088179,4,"C/ SELVA DE MAR, 46",8019,27,True,1000,True,,1661983179,2
151,157,"C/ LLULL, 465",ELECTRICBIKESTATION,41.4132316,2.2177652,4,"C/ LLULL, 465",8019,33,True,1000,True,,1661983179,2
152,158,"RAMBLA DE PRIM, 19",ELECTRICBIKESTATION,41.4116634,2.2183313,4,"RAMBLA DE PRIM, 19",8019,27,True,1000,True,,1661983179,2
153,159,"AV. DIAGONAL, 26",ELECTRICBIKESTATION,41.4110822,2.2163136,4,"AV. DIAGONAL, 26",8019,32,True,1000,True,,1661983179,2
154,161,"C/ RAMON TURRÓ, 91",ELECTRICBIKESTATION,41.3953011,2.1965965,4,"C/ RAMON TURRÓ, 91",8005,27,True,1000,True,,1661983179,2
155,162,"C/ RAMON TURRÓ, 292",ELECTRICBIKESTATION,41.4038559,2.2084257,3,"C/ RAMON TURRÓ, 292",8005,27,True,1000,True,,1661983179,2
156,163,"AV. ICÀRIA, 202",ELECTRICBIKESTATION,41.3942108,2.2008756,3,"AV. ICÀRIA, 202",8005,27,True,1000,True,,1661983179,2
157,164,"C/ INDEPENDÈNCIA, 379",ELECTRICBIKESTATION,41.4118378,2.1778852,46,"C/ INDEPENDÈNCIA, 379",8026,27,True,1000,True,,1661983179,2
158,165,"C/ DEL DOCTOR TRUETA, 222",ELECTRICBIKESTATION,41.3992169,2.2041415,3,"C/ DEL DOCTOR TRUETA, 222",8005,27,True,1000,True,,1661983179,2
159,166,"C/ BILBAO, 2",ELECTRICBIKESTATION,41.4008312,2.206645,3,"C/ BILBAO, 2",8005,27,True,1000,True,,1661983179,2
160,167,"C/ BAC DE RODA, 11",ELECTRICBIKESTATION,41.4023354,2.2105777,3,"C/ BAC DE RODA, 11",8005,21,True,1000,True,,1661983179,2
161,168,SELVA DE MAR / PG. DEL TAULAT,ELECTRICBIKESTATION,41.4053697,2.2135818,5,SELVA DE MAR / PG. DEL TAULAT,8019,26,True,1000,True,,1661983179,2
162,170,"AV. LITORAL, 40 (D)",ELECTRICBIKESTATION,41.3896642,2.1999572,6,"AV. LITORAL, 40 (D)",8005,54,True,1000,True,,1661983179,2
163,171,"PG. MARÍTIM NOVA ICÀRIA, 83 (D)",ELECTRICBIKESTATION,41.3919877,2.2037136,5,"PG. MARÍTIM NOVA ICÀRIA, 83 (D)",8005,52,True,1000,True,,1661983179,2
164,173,"AV.LITORAL, 84",ELECTRICBIKESTATION,41.3979002,2.2088454,8,"AV.LITORAL, 84",8005,27,True,1000,True,,1661983179,2
165,174,"PG. DE GARCIA FÀRIA, 21/ESPRONCEDA",ELECTRICBIKESTATION,41.4008744,2.2099336,6,"PG. DE GARCIA FÀRIA, 21/ESPRONCEDA",8005,27,True,1000,True,,1661983179,2
166,175,"C/ LLULL, 309",ELECTRICBIKESTATION,41.4065291,2.2091221,4,"C/ LLULL, 309",8019,27,True,1000,True,,1661983179,2
167,176,"PG. DE GARCIA FÀRIA, 37/JOSEP FERRATER",ELECTRICBIKESTATION,41.4023621,2.2119049,6,"PG. DE GARCIA FÀRIA, 37/JOSEP FERRATER",8019,31,True,1000,True,,1661983179,2
168,177,"C/ ROSSELLÓ, 557",ELECTRICBIKESTATION,41.4110754,2.1809764,33,"C/ ROSSELLÓ, 557",8026,34,True,1000,True,,1661983179,2
169,178,"PG. DE GARCIA FÀRIA, 85",ELECTRICBIKESTATION,41.4053649,2.2162094,7,"PG. DE GARCIA FÀRIA, 85",8019,27,True,1000,True,,1661983179,2
170,179,"PG. ZONA FRANCA, 244",ELECTRICBIKESTATION,41.36352,2.1369015,9,"PG. ZONA FRANCA, 244",8038,16,True,1000,True,,1661983179,2
171,180,"GRAN VIA DE LES CORTS CATALANES, 179 (D)",ELECTRICBIKESTATION,41.3675574,2.1388216,14,"GRAN VIA DE LES CORTS CATALANES, 179 (D)",8014,51,True,1000,True,,1661983179,2
172,182,"GRAN VIA DE LES CORTS CATALANES, 273",ELECTRICBIKESTATION,41.3714775,2.1439304,18,"GRAN VIA DE LES CORTS CATALANES, 273",8014,33,True,1000,True,,1661983179,2
173,183,"C/ GAVÀ, 1",ELECTRICBIKESTATION,41.3723682,2.1419494,18,"C/ GAVÀ, 1",8014,30,True,1000,True,,1661983179,2
174,184,"C/ QUETZAL, 22-24",ELECTRICBIKESTATION,41.3675438,2.1342316,22,"C/ QUETZAL, 22-24",8014,27,True,1000,True,,1661983179,2
175,185,"C/GAVÀ, 81",ELECTRICBIKESTATION,41.3703717,2.1389439,20,"C/GAVÀ, 81",8014,17,True,1000,True,,1661983179,2
176,186,"C/CONSELL DE CENT, 6",ELECTRICBIKESTATION,41.3755503,2.1439036,27,"C/CONSELL DE CENT, 6",8014,26,True,1000,True,,1661983179,2
177,187,"C/ DE SANT PAU, 89 - 97",ELECTRICBIKESTATION,41.3768806,2.1698206,5,"C/ DE SANT PAU, 89 - 97",8001,19,True,1000,True,,1661983179,2
178,188,PG. SANT ANTONI /PL. SANTS,ELECTRICBIKESTATION,41.3756948,2.1358571,30,PG. SANT ANTONI /PL. SANTS,8014,27,True,1000,True,,1661983179,2
179,189,"C/ BRUC, 130",ELECTRICBIKESTATION,41.3969839,2.1661852,34,"C/ BRUC, 130",8037,28,True,1000,True,,1661983179,2
180,190,"AV. LITORAL, 72",ELECTRICBIKESTATION,41.3961412,2.2078439,6,"AV. LITORAL, 72",8005,29,True,1000,True,,1661983179,2
181,191,"C/ ROCAFORT, 152",ELECTRICBIKESTATION,41.3824848,2.1493799,15,"C/ ROCAFORT, 152",8015,28,True,1000,True,,1661983179,2
182,192,"C/ JOAN GÜELL, 50",ELECTRICBIKESTATION,41.3786364,2.1335494,33,"C/ JOAN GÜELL, 50",8028,21,True,1000,True,,1661983179,2
183,193,"C/ FÍGOLS, 1",ELECTRICBIKESTATION,41.3812979,2.1289917,41,"C/ FÍGOLS, 1",8028,27,True,1000,True,,1661983179,2
184,194,"C/ JOAN GÜELL, 98",ELECTRICBIKESTATION,41.3812001,2.1323612,38,"C/ JOAN GÜELL, 98",8028,24,True,1000,True,,1661983179,2
185,195,"C/ VALLESPIR, 130",ELECTRICBIKESTATION,41.3821371,2.1354149,38,"C/ VALLESPIR, 130",8014,27,True,1000,True,,1661983179,2
186,196,"C/ BERLÍN, 38",ELECTRICBIKESTATION,41.3832609,2.1392662,38,"C/ BERLÍN, 38",8029,27,True,1000,True,,1661983179,2
187,197,"C/ GELABERT, 1",ELECTRICBIKESTATION,41.3871579,2.1410945,47,"C/ GELABERT, 1",8029,27,True,1000,True,,1661983179,2
188,198,"C/ VALLESPIR, 194",ELECTRICBIKESTATION,41.3847113,2.1334379,48,"C/ VALLESPIR, 194",8014,27,True,1000,True,,1661983179,2
189,199,"C/ MEJÍA LEQUERICA, 2",ELECTRICBIKESTATION,41.3819739,2.1268625,47,"C/ MEJÍA LEQUERICA, 2",8028,27,True,1000,True,,1661983179,2
190,200,"C/ JOAN GUELL, 174",ELECTRICBIKESTATION,41.3839045,2.1312876,47,"C/ JOAN GUELL, 174",8028,24,True,1000,True,,1661983179,2
191,201,"C/ NUMÀNCIA, 136",ELECTRICBIKESTATION,41.3878061,2.1344218,55,"C/ NUMÀNCIA, 136",8029,24,True,1000,True,,1661983179,2
192,202,"C/ DE LES CORTS, 20",ELECTRICBIKESTATION,41.3854466,2.1288753,52,"C/ DE LES CORTS, 20",8028,27,True,1000,True,,1661983179,2
193,203,"AV. DIAGONAL, 668",ELECTRICBIKESTATION,41.3887069,2.1285766,64,"AV. DIAGONAL, 668",8034,33,True,1000,True,,1661983179,2
194,204,"AV. DIAGONAL, 664",ELECTRICBIKESTATION,41.3880355,2.1256248,63,"AV. DIAGONAL, 664",8034,33,True,1000,True,,1661983179,2
195,205,"C/ EUROPA, 25",ELECTRICBIKESTATION,41.387561,2.1306737,57,"C/ EUROPA, 25",8028,33,True,1000,True,,1661983179,2
196,206,"AV. DIAGONAL, 650",ELECTRICBIKESTATION,41.3897943,2.1328634,62,"AV. DIAGONAL, 650",8017,31,True,1000,True,,1661983179,2
197,207,"AV. DIAGONAL, 634",ELECTRICBIKESTATION,41.3908477,2.136579,62,"AV. DIAGONAL, 634",8017,25,True,1000,True,,1661983179,2
198,208,"AV. DIAGONAL, 630",ELECTRICBIKESTATION,41.3915195,2.1390667,59,"AV. DIAGONAL, 630",8017,33,True,1000,True,,1661983179,2
199,209,"C/ DIPUTACIÓ, 200",ELECTRICBIKESTATION,41.3857425,2.1610515,23,"C/ DIPUTACIÓ, 200",8011,25,True,1000,True,,1661983179,2
200,210,"C/ VILARDELL, 18",ELECTRICBIKESTATION,41.3745238,2.1422556,22,"C/ VILARDELL, 18",8014,31,True,1000,True,,1661983179,2
201,211,"C/ SANCHO DE ÁVILA, 60-64",ELECTRICBIKESTATION,41.3987543,2.1902116,5,"C/ SANCHO DE ÁVILA, 60-64",8018,28,True,1000,True,,1661983179,2
202,212,"AV. SARRIÀ, 163",ELECTRICBIKESTATION,41.3922355,2.1309272,75,"AV. SARRIÀ, 163",8017,24,True,1000,True,,1661983179,2
203,213,"C/ SANTA FE DE NOU MÈXIC, 2",ELECTRICBIKESTATION,41.3935816,2.1345892,70,"C/ SANTA FE DE NOU MÈXIC, 2",8017,33,True,1000,True,,1661983179,2
204,214,"C/ JOSÉ DE  AGULLÓ, 9",ELECTRICBIKESTATION,41.3952027,2.1334873,72,"C/ JOSÉ DE  AGULLÓ, 9",8017,25,True,1000,True,,1661983179,2
205,215,"C/ GANDUXER, 29",ELECTRICBIKESTATION,41.3939378,2.1380304,65,"C/ GANDUXER, 29",8021,21,True,1000,True,,1661983179,2
206,216,"C/ MADRAZO, 131",ELECTRICBIKESTATION,41.3967824,2.1445567,63,"C/ MADRAZO, 131",8021,27,True,1000,True,,1661983179,2
207,217,"C/ RECTOR UBACH, 24",ELECTRICBIKESTATION,41.3985735,2.1440826,75,"C/ RECTOR UBACH, 24",8021,27,True,1000,True,,1661983179,2
208,218,"C/ CONSELL DE CENT, 566",ELECTRICBIKESTATION,41.4040364,2.183145,17,"C/ CONSELL DE CENT, 566",8013,39,True,1000,True,,1661983179,2
209,219,"C/ LAFORJA, 74-76",ELECTRICBIKESTATION,41.3976165,2.1471724,67,"C/ LAFORJA, 74-76",8021,26,True,1000,True,,1661983179,2
210,220,"C/ TUSET, 19",ELECTRICBIKESTATION,41.3960982,2.1513154,53,"C/ TUSET, 19",8006,27,True,1000,True,,1661983179,2
211,221,"GRAN DE GRÀCIA, 155 (METRO FONTANA)",ELECTRICBIKESTATION,41.4025392,2.1524704,68,"GRAN DE GRÀCIA, 155 (METRO FONTANA)",8012,24,True,1000,True,,1661983179,2
212,222,"C/ DEL CANÓ, 1",ELECTRICBIKESTATION,41.4013296,2.1574439,58,"C/ DEL CANÓ, 1",8012,27,True,1000,True,,1661983179,2
213,223,"C/ DE BONAVISTA, 14",ELECTRICBIKESTATION,41.3983444,2.1598243,48,"C/ DE BONAVISTA, 14",8012,36,True,1000,True,,1661983179,2
214,224,"C / GIRONA, 176",ELECTRICBIKESTATION,41.3999967,2.1644531,40,"C / GIRONA, 176",8037,26,True,1000,True,,1661983179,2
215,225,"C/ MALLORCA, 84",ELECTRICBIKESTATION,41.3850278,2.1510385,28,"C/ MALLORCA, 84",8029,24,True,1000,True,,1661983179,2
216,226,"C/ MONTMANY, 1",ELECTRICBIKESTATION,41.4035608,2.1609345,52,"C/ MONTMANY, 1",8012,27,True,1000,True,,1661983179,2
217,227,"C/ DEL TORRENT DE LES FLORS, 102",ELECTRICBIKESTATION,41.4078456,2.1586704,69,"C/ DEL TORRENT DE LES FLORS, 102",8024,18,True,1000,True,,1661983179,2
218,228,"PL. DEL NORD, 5",ELECTRICBIKESTATION,41.4068417,2.1558354,73,"PL. DEL NORD, 5",8024,21,True,1000,True,,1661983179,2
219,229,"C/ DE LA SANTACREU, 2 (PL.DE LA VIRREIN",ELECTRICBIKESTATION,41.4050968,2.1569161,68,"C/ DE LA SANTACREU, 2 (PL.DE LA VIRREINA)",8024,28,True,1000,True,,1661983179,2
220,230,"C/ DE NIL FABRA, 16-20",ELECTRICBIKESTATION,41.4059356,2.1517977,80,"C/ DE NIL FABRA, 16-20",8012,26,True,1000,True,,1661983179,2
221,231,"C/ PAU ALSINA, 54",ELECTRICBIKESTATION,41.4092005,2.16400285,65,"C/ PAU ALSINA, 54",8025,24,True,1000,True,,1661983179,2
222,232,"C/ VILÀ I VILÀ, 45",ELECTRICBIKESTATION,41.3733857,2.1709545,7,"C/ VILÀ I VILÀ, 45",8004,27,True,1000,True,,1661983179,2
223,233,"C/ NOU DE LA RAMBLA, 164",ELECTRICBIKESTATION,41.3719688,2.1667829,21,"C/ NOU DE LA RAMBLA, 164",8004,27,True,1000,True,,1661983179,2
224,234,"PG. DE L´EXPOSICIÓ, 30 /BLASCO GARAY",ELECTRICBIKESTATION,41.3714688,2.1629627,31,"PG. DE L´EXPOSICIÓ, 30 /BLASCO GARAY",8004,27,True,1000,True,,1661983179,2
225,235,"AV. PARAL.LEL, 98",ELECTRICBIKESTATION,41.3751767,2.1658972,10,"AV. PARAL.LEL, 98",8015,31,True,1000,True,,1661983179,2
226,236,"AV. PARAL.LEL, 194",ELECTRICBIKESTATION,41.3751161,2.1523091,24,"AV. PARAL.LEL, 194",8015,26,True,1000,True,,1661983179,2
227,237,"C/ RIUS I TAULET, 4",ELECTRICBIKESTATION,41.3727426,2.1539198,33,"C/ RIUS I TAULET, 4",8004,27,True,1000,True,,1661983179,2
228,238,"C/ ESPRONCEDA, 298",ELECTRICBIKESTATION,41.4158807,2.1908473,16,"C/ ESPRONCEDA, 298",8027,27,True,1000,True,,1661983179,2
229,239,"C/ INDÚSTRIA, 329",ELECTRICBIKESTATION,41.4172922,2.1844769,31,"C/ INDÚSTRIA, 329",8027,27,True,1000,True,,1661983179,2
230,240,"C/ JOSEP ESTIVILL, 32",ELECTRICBIKESTATION,41.4175595,2.1877153,23,"C/ JOSEP ESTIVILL, 32",8027,27,True,1000,True,,1661983179,2
231,241,"C/ TEODOR LLORENTE, 1",ELECTRICBIKESTATION,41.419178,2.18018,44,"C/ TEODOR LLORENTE, 1",8041,33,True,1000,True,,1661983179,2
232,242,"C/ RAMON ALBÓ, 1",ELECTRICBIKESTATION,41.4244527,2.1773157,56,"C/ RAMON ALBÓ, 1",8027,27,True,1000,True,,1661983179,2
233,243,"C/ ALEXANDRE GALÍ, 1-5",ELECTRICBIKESTATION,41.4239719,2.1812399,42,"C/ ALEXANDRE GALÍ, 1-5",8027,26,True,1000,True,,1661983179,2
234,244,"C/ FELIP II, 214",ELECTRICBIKESTATION,41.426925,2.1786224,44,"C/ FELIP II, 214",8027,26,True,1000,True,,1661983179,2
235,245,"BITTER KAS-LA RAMBLA, 101",ELECTRICBIKESTATION,41.3826647,2.1717083,10,"BITTER KAS-LA RAMBLA, 101",8002,27,True,1000,True,,1661983179,2
236,246,"C/ GARCILASO, 77",ELECTRICBIKESTATION,41.4228449,2.1866363,30,"C/ GARCILASO, 77",8027,18,True,1000,True,,1661983179,2
237,247,"C/ FELIPE II, 112",ELECTRICBIKESTATION,41.4219291,2.1849107,32,"C/ FELIPE II, 112",8027,32,True,1000,True,,1661983179,2
238,248,"C/ PALÈNCIA, 31",ELECTRICBIKESTATION,41.4182129,2.1904005,18,"C/ PALÈNCIA, 31",8027,27,True,1000,True,,1661983179,2
239,249,"C/ ANTILLES, 8",ELECTRICBIKESTATION,41.4250835,2.1872818,21,"C/ ANTILLES, 8",8027,26,True,1000,True,,1661983179,2
240,250,"C/ PORTUGAL, 3",ELECTRICBIKESTATION,41.4258248,2.191206,25,"C/ PORTUGAL, 3",8027,27,True,1000,True,,1661983179,2
241,251,"C/ CARDENAL TEDESCHINI, 13",ELECTRICBIKESTATION,41.4253643,2.1852073,35,"C/ CARDENAL TEDESCHINI, 13",8027,33,True,1000,True,,1661983179,2
242,252,"RAMBLA DE L'ONZE DE SETEMBRE, 31",ELECTRICBIKESTATION,41.4298991,2.1932159,24,"RAMBLA DE L'ONZE DE SETEMBRE, 31",8030,33,True,1000,True,,1661983179,2
243,253,"C/ ONZE DE SETEMBRE, 37-39",ELECTRICBIKESTATION,41.4298614,2.1922011,25,"C/ ONZE DE SETEMBRE, 37-39",8030,27,True,1000,True,,1661983179,2
244,254,"RAMBLA DE L'ONZE DE SETEMBRE, 69",ELECTRICBIKESTATION,41.4299999,2.190246,26,"RAMBLA DE L'ONZE DE SETEMBRE, 69",8030,26,True,1000,True,,1661983179,2
245,255,"C/ IRLANDA, 11-21",ELECTRICBIKESTATION,41.4314061,2.1857498,30,"C/ IRLANDA, 11-21",8030,18,True,1000,True,,1661983179,2
246,256,"C/ MALATS, 28-30",ELECTRICBIKESTATION,41.4361251,2.1894423,25,"C/ MALATS, 28-30",8030,31,True,1000,True,,1661983179,2
247,257,"C/ SANT ADRIÀ, 2-8",ELECTRICBIKESTATION,41.433934,2.1896502,27,"C/ SANT ADRIÀ, 2-8",8030,24,True,1000,True,,1661983179,2
248,258,"C/ FERNANDO PESSOA, 41",ELECTRICBIKESTATION,41.4420913,2.1928992,23,"C/ FERNANDO PESSOA, 41",8030,27,True,1000,True,,1661983179,2
249,259,"C/ DE BARTRINA, 14",ELECTRICBIKESTATION,41.4391174,2.1858025,34,"C/ DE BARTRINA, 14",8030,24,True,1000,True,,1661983179,2
250,260,"CARRER DEL CINCA, 7",ELECTRICBIKESTATION,41.4356895,2.1920873,22,"CARRER DEL CINCA, 7",8030,27,True,1000,True,,1661983179,2
251,261,"C/ VILLARROEL, 39",ELECTRICBIKESTATION,41.3821314,2.1606534,17,"C/ VILLARROEL, 39",8011,32,True,1000,True,,1661983179,2
252,262,"C/ ROCAFORT, 94",ELECTRICBIKESTATION,41.379981,2.1525661,21,"C/ ROCAFORT, 94",8015,26,True,1000,True,,1661983179,2
253,263,"PG. TORRAS I BAGES, 29",ELECTRICBIKESTATION,41.4378773,2.1910691,23,"PG. TORRAS I BAGES, 29",8030,20,True,1000,True,,1661983179,2
254,264,"C/REPÚBLICA DOMINICANA,25(CENTRE COMERC",ELECTRICBIKESTATION,41.439929,2.1970692,20,"C/REPÚBLICA DOMINICANA,25(CENTRE COMERCIAL)",8030,33,True,1000,True,,1661983179,2
255,265,"C/ CASANOVAS, 67",ELECTRICBIKESTATION,41.3854735,2.1586183,23,"C/ CASANOVAS, 67",8011,27,True,1000,True,,1661983179,2
256,266,"C/ CONCEPCIÓ ARENAL, 176",ELECTRICBIKESTATION,41.4268952,2.1842572,37,"C/ CONCEPCIÓ ARENAL, 176",8027,27,True,1000,True,,1661983179,2
257,267,"PG. TORRAS I BAGES, 129",ELECTRICBIKESTATION,41.4433647,2.1906302,29,"PG. TORRAS I BAGES, 129",8030,24,True,1000,True,,1661983179,2
258,268,"C/ FERNANDO PESSOA, 72",ELECTRICBIKESTATION,41.4457195,2.1929816,26,"C/ FERNANDO PESSOA, 72",8030,26,True,1000,True,,1661983179,2
259,269,"VIA BARCINO, 121",ELECTRICBIKESTATION,41.448152,2.19294,26,"VIA BARCINO, 121",8033,23,True,1000,True,,1661983179,2
260,270,"CRTA. DE RIBES, 77 (TRINITAT VELLA)",ELECTRICBIKESTATION,41.4486328,2.1898372,35,"270 - CRTA. DE RIBES, 77 (TRINITAT VELLA)",8033,26,True,1000,True,,1661983179,2
261,271,"VIA BARCINO, 69",ELECTRICBIKESTATION,41.4506081,2.1923629,28,"VIA BARCINO, 69",8033,21,True,1000,True,,1661983179,2
262,272,"C/ CONCEPCIÓ ARENAL, 281",ELECTRICBIKESTATION,41.4325013,2.1842021,32,"C/ CONCEPCIÓ ARENAL, 281",8033,25,True,1000,True,,1661983179,2
263,273,AV.MERID/PG. FABRA I PUIG,ELECTRICBIKESTATION,41.4304126,2.1834174,38,AV.MERID/PG. FABRA I PUIG,8030,36,True,1000,True,,1661983179,2
264,274,"RAMBLA FABRA I PUIG, 67",ELECTRICBIKESTATION,41.4299201,2.1849813,33,"RAMBLA FABRA I PUIG, 67",8030,31,True,1000,True,,1661983179,2
265,275,"AV. RIO DE JANEIRO, 3",ELECTRICBIKESTATION,41.43068,2.1821802,38,"AV. RIO DE JANEIRO, 3",8016,32,True,1000,True,,1661983179,2
266,276,PLAÇA ALFONS X EL SAVI / RONDA DEL GUIN,ELECTRICBIKESTATION,41.4121345,2.1652216,88,PLAÇA ALFONS X EL SAVI / RONDA DEL GUINARDO,8024,27,True,1000,True,,1661983179,2
267,277,"TRAVESSERA DE GRÀCIA, 328",ELECTRICBIKESTATION,41.4082107,2.1689962,60,"TRAVESSERA DE GRÀCIA, 328",8025,27,True,1000,True,,1661983179,2
268,278,"TRAVESSERA DE GRÀCIA, 368",ELECTRICBIKESTATION,41.4098842,2.1715285,59,"TRAVESSERA DE GRÀCIA, 368",8025,26,True,1000,True,,1661983179,2
269,279,"C/ MAS CASANOVAS, 137",ELECTRICBIKESTATION,41.4158995,2.1745567,75,"C/ MAS CASANOVAS, 137",8041,27,True,1000,True,,1661983179,2
270,280,"C/ SANT ANTONI Mª CLARET, 290-296",ELECTRICBIKESTATION,41.4138664,2.1777274,49,"C/ SANT ANTONI Mª CLARET, 290-296",8041,26,True,1000,True,,1661983179,2
271,281,"C/ D'ESCORNALBOU, 51",ELECTRICBIKESTATION,41.4180789,2.1763994,74,"C/ D'ESCORNALBOU, 51",8041,24,True,1000,True,,1661983179,2
272,282,"PG. FONT D´EN- FARGAS, 1",ELECTRICBIKESTATION,41.4275514,2.1659881,75,"PG. FONT D´EN- FARGAS, 1",8031,25,True,1000,True,,1661983179,2
273,283,"C/ FULTON, 1",ELECTRICBIKESTATION,41.4297231,2.1617032,76,"C/ FULTON, 1",8032,20,True,1000,True,,1661983179,2
274,284,"AV. DIAGONAL, 652",ELECTRICBIKESTATION,41.389462,2.1314948,63,"AV. DIAGONAL, 652",8034,27,True,1000,True,,1661983179,2
275,285,"C/ MALATS, 98-100",ELECTRICBIKESTATION,41.4366708,2.186105,35,"C/ MALATS, 98-100",8030,15,True,1000,True,,1661983179,2
276,286,"C/ BOLÍVIA, 76",ELECTRICBIKESTATION,41.4030225,2.1913538,7,"C/ BOLÍVIA, 76",8018,15,True,1000,True,,1661983179,2
277,287,"GRAN VIA DE LES CORTS CATALANES, 632",ELECTRICBIKESTATION,41.3890626,2.1679313,22,"GRAN VIA DE LES CORTS CATALANES, 632",8007,16,True,1000,True,,1661983179,2
278,288,PL. VIRREI AMAT,ELECTRICBIKESTATION,41.4296439,2.174444,55,PL. VIRREI AMAT,8016,32,True,1000,True,,1661983179,2
279,289,"C/ MÚRCIA, 64",ELECTRICBIKESTATION,41.4166982,2.1909952,17,"C/ MÚRCIA, 64",8027,27,True,1000,True,,1661983179,2
280,290,"PL. DELS JARDINS D'ALFÀBIA, 1",ELECTRICBIKESTATION,41.4373376,2.1740962,66,"PL. DELS JARDINS D'ALFÀBIA, 1",8016,17,True,1000,True,Pg. Verdum,1661983179,2
281,291,"C/ CUBELLES, 2",ELECTRICBIKESTATION,41.426078,2.1751572,57,"C/ CUBELLES, 2",8031,27,True,1000,True,,1661983179,2
282,292,"C/ AMILCAR, 1",ELECTRICBIKESTATION,41.4300161,2.1720191,61,"C/ AMILCAR, 1",8031,12,True,1000,True,,1661983179,2
283,293,"C/ GRANOLLERS, 1",ELECTRICBIKESTATION,41.4283127,2.1629889,78,"C/ GRANOLLERS, 1",8032,24,True,1000,True,,1661983179,2
284,294,SEU DEL DISTRICTE (NOU BARRIS),ELECTRICBIKESTATION,41.4363473,2.1706752,72,SEU DEL DISTRICTE (NOU BARRIS),8042,24,True,1000,True,,1661983179,2
285,295,"C/ SANT ISCLE, 60",ELECTRICBIKESTATION,41.433384,2.1716309,61,"C/ SANT ISCLE, 60",8031,27,True,1000,True,,1661983179,2
286,296,"C/ DE ROSSELLÓ I PORCEL, 1/AV.MERIDIANA",ELECTRICBIKESTATION,41.4364887,2.1841014,41,"C/ DE ROSSELLÓ I PORCEL, 1/AV.MERIDIANA",8016,33,True,1000,True,,1661983179,2
287,297,"C/ TURÓ BLAU, 1-3",ELECTRICBIKESTATION,41.4388223,2.1767828,62,"C/ TURÓ BLAU, 1-3",8016,24,True,1000,True,,1661983179,2
288,298,"C/ ANDREU NIN, 22",ELECTRICBIKESTATION,41.4347233,2.1817718,41,"C/ ANDREU NIN, 22",8016,33,True,1000,True,,1661983179,2
289,299,"C/ DE L'ESCULTOR ORDÓÑEZ, 55",ELECTRICBIKESTATION,41.4340849,2.1748267,53,"C/ DE L'ESCULTOR ORDÓÑEZ, 55",8016,27,True,1000,True,,1661983179,2
290,300,"C/ DE MALADETA, 1",ELECTRICBIKESTATION,41.4315843,2.1769107,44,"C/ DE MALADETA, 1",8016,18,True,1000,True,,1661983179,2
291,301,"C/ MARIE CURIE, 8-14",ELECTRICBIKESTATION,41.4366871,2.1693134,73,"C/ MARIE CURIE, 8-14",8042,27,True,1000,True,,1661983179,2
292,302,"C/ CAVALLERS, 41",ELECTRICBIKESTATION,41.3906352,2.111541,111,"C/ CAVALLERS, 41",8034,32,True,1000,True,,1661983179,2
293,303,"C/ CAVALLERS, 67",ELECTRICBIKESTATION,41.3934324,2.115107,101,"C/ CAVALLERS, 67",8034,27,True,1000,True,,1661983179,2
294,304,"PG. MANUEL GIRONA, 7",ELECTRICBIKESTATION,41.39038,2.121,78,"PG. MANUEL GIRONA, 7",8034,27,True,1000,True,,1661983179,2
295,305,"AV. DIAGONAL, 680",ELECTRICBIKESTATION,41.3875297,2.1237141,65,"AV. DIAGONAL, 680",8034,26,True,1000,True,,1661983179,2
296,306,"C/ DOCTOR SALVADOR CARDENAL, 1-5",ELECTRICBIKESTATION,41.3853868,2.122893,60,"C/ DOCTOR SALVADOR CARDENAL, 1-5",8028,31,True,1000,True,,1661983179,2
297,307,C/ PINTOR RIBALTA / AV. XILE,ELECTRICBIKESTATION,41.3791986,2.1135824,60,C/ PINTOR RIBALTA / AV. XILE,8028,32,True,1000,True,,1661983179,2
298,308,"C/ CARDENAL REIG, 11",ELECTRICBIKESTATION,41.37684,2.114029,54,"C/ CARDENAL REIG, 11",8028,27,True,1000,True,,1661983179,2
299,309,"C/ SANT RAMON NONAT,  26",ELECTRICBIKESTATION,41.3770199,2.1169828,50,"C/ SANT RAMON NONAT,  26",8028,22,True,1000,True,,1661983179,2
300,310,C/ JOSEP SAMITIER / JOAN XXIII,ELECTRICBIKESTATION,41.3812111,2.1190863,46,C/ JOSEP SAMITIER / JOAN XXIII,8028,27,True,1000,True,,1661983179,2
301,311,"C/ GALLEGO, 2",ELECTRICBIKESTATION,41.3785631,2.1202487,43,"C/ GALLEGO, 2",8028,24,True,1000,True,,1661983179,2
302,312,"C/ ARIZALA, 77",ELECTRICBIKESTATION,41.3789061,2.1233038,40,"C/ ARIZALA, 77",8028,36,True,1000,True,,1661983179,2
303,313,"C/ FELIU DE CASANOVA, 1",ELECTRICBIKESTATION,41.3754188,2.1297823,28,"C/ FELIU DE CASANOVA, 1",8028,29,True,1000,True,,1661983179,2
304,314,"RAMBLA DEL BRASIL, 44",ELECTRICBIKESTATION,41.3783067,2.1297303,35,"RAMBLA DEL BRASIL, 44",8028,24,True,1000,True,,1661983179,2
305,315,"C/ DEL GUINARDÓ, 32-38",ELECTRICBIKESTATION,41.4156285,2.1817876,38,"C/ DEL GUINARDÓ, 32-38",8041,27,True,1000,True,,1661983179,2
306,316,"C/ CANTÀBRIA, 55",ELECTRICBIKESTATION,41.4224015,2.198071,9,"C/ CANTÀBRIA, 55",8020,26,True,1000,True,,1661983179,2
307,317,"RAMBLA DE PRIM, 256",ELECTRICBIKESTATION,41.4256626,2.2008632,11,"RAMBLA DE PRIM, 256",8020,27,True,1000,True,,1661983179,2
308,318,"C/ CASTILLEJOS, 388",ELECTRICBIKESTATION,41.412427,2.170592,77,"C/ CASTILLEJOS, 388",8025,31,True,1000,True,,1661983179,2
309,319,"C/ SAGUÉS, 1",ELECTRICBIKESTATION,41.3937414,2.1455022,51,"C/ SAGUÉS, 1",8021,31,True,1000,True,,1661983179,2
310,320,"VÍA AUGUSTA, 109",ELECTRICBIKESTATION,41.401136,2.1479824,71,"VÍA AUGUSTA, 109",8006,27,True,1000,True,,1661983179,2
311,321,"C/ SANT HERMENEGILD, 30",ELECTRICBIKESTATION,41.4031529,2.1445843,79,"C/ SANT HERMENEGILD, 30",8006,27,True,1000,True,,1661983179,2
312,322,"C/ SANTALÓ, 165",ELECTRICBIKESTATION,41.4009,2.13892,106,"C/ SANTALÓ, 165",8021,24,True,1000,True,,1661983179,2
313,323,"C/ VALLMAJOR, 13",ELECTRICBIKESTATION,41.3981616,2.1386719,88,"C/ VALLMAJOR, 13",8021,27,True,1000,True,,1661983179,2
314,324,"C/ REINA VICTORIA, 31",ELECTRICBIKESTATION,41.3969455,2.136346,80,"C/ REINA VICTORIA, 31",8021,27,True,1000,True,,1661983179,2
315,325,"C/ ALT DE GIRONELLA, 13",ELECTRICBIKESTATION,41.3949601,2.1302775,82,"C/ ALT DE GIRONELLA, 13",8017,23,True,1000,True,,1661983179,2
316,326,"C/ BALMES, 409",ELECTRICBIKESTATION,41.4074131,2.1381069,111,"C/ BALMES, 409",8022,32,True,1000,True,,1661983179,2
317,327,"C/ REUS, 23",ELECTRICBIKESTATION,41.4050074,2.134603,114,"C/ REUS, 23",8022,24,True,1000,True,,1661983179,2
318,328,"C/ ARTESA DE SEGRE, 2",ELECTRICBIKESTATION,41.402988,2.1344691,106,"C/ ARTESA DE SEGRE, 2",8022,26,True,1000,True,,1661983179,2
319,329,"C/ DE LES ESCOLES PIES, 99",ELECTRICBIKESTATION,41.4029965,2.1283866,121,"C/ DE LES ESCOLES PIES, 99",8017,27,True,1000,True,,1661983179,2
320,330,"C/ PAU ALCOVER, 94",ELECTRICBIKESTATION,41.401883,2.131524,108,"C/ PAU ALCOVER, 94",8017,27,True,1000,True,,1661983179,2
321,331,"C/ CASTELLNOU, 65",ELECTRICBIKESTATION,41.3970497,2.1279409,95,"C/ CASTELLNOU, 65",8017,31,True,1000,True,,1661983179,2
322,332,"C/ DOCTOR ROUX, 86",ELECTRICBIKESTATION,41.3998981,2.1281922,104,"C/ DOCTOR ROUX, 86",8017,27,True,1000,True,,1661983179,2
323,333,"PASSATGE DE SENILLOSA, 3-5",ELECTRICBIKESTATION,41.3954723,2.1250451,94,"PASSATGE DE SENILLOSA, 3-5",8034,27,True,1000,True,,1661983179,2
324,334,"VIA AUGUSTA, 348",ELECTRICBIKESTATION,41.4006765,2.1232926,117,"VIA AUGUSTA, 348",8017,26,True,1000,True,,1661983179,2
325,335,"C/ SANTA AMÈLIA, 2",ELECTRICBIKESTATION,41.3935355,2.1231228,92,"C/ SANTA AMÈLIA, 2",8034,27,True,1000,True,,1661983179,2
326,336,"C/ CAPONATA, 10",ELECTRICBIKESTATION,41.3953855,2.1210928,101,"C/ CAPONATA, 10",8034,27,True,1000,True,,1661983179,2
327,337,"C/ CARME KARR, 12-14",ELECTRICBIKESTATION,41.3986238,2.1204941,117,"C/ CARME KARR, 12-14",8034,23,True,1000,True,,1661983179,2
328,338,"AV. J. V. FOIX,  63",ELECTRICBIKESTATION,41.3977227,2.1194557,111,"AV. J. V. FOIX,  63",8034,36,True,1000,True,,1661983179,2
329,339,"C/ RAMON TURRÓ, 246",ELECTRICBIKESTATION,41.4017084,2.2053803,2,"C/ RAMON TURRÓ, 246",8005,27,True,1000,True,,1661983179,2
330,340,"C/ SANT ADRIÀ, 113",ELECTRICBIKESTATION,41.4361782,2.2047037,13,"C/ SANT ADRIÀ, 113",8030,24,True,1000,True,,1661983179,2
331,341,"PG. D'ENRIC SANCHIS, 33",ELECTRICBIKESTATION,41.4339212,2.2062245,11,"PG. D'ENRIC SANCHIS, 33",8030,27,True,1000,True,,1661983179,2
332,342,"C/ ROC BORONAT, 134",ELECTRICBIKESTATION,41.4034967,2.1936584,5,"C/ ROC BORONAT, 134",8018,27,True,1000,True,,1661983179,2
333,343,CAMPANA DE LA MAQUINISTA (SAO PAULO I P,ELECTRICBIKESTATION,41.4389609,2.1996179,14,CAMPANA DE LA MAQUINISTA (SAO PAULO I PL. DE,8030,27,True,1000,True,,1661983179,2
334,344,"C/ CIUTAT D'ASUNCIÓN, 73 / POTOSÍ",ELECTRICBIKESTATION,41.4431441,2.1996045,16,"C/ CIUTAT D'ASUNCIÓN, 73 / POTOSÍ",8030,27,True,1000,True,,1661983179,2
335,345,PL. TERESA DE CLARAMUNT/C/ DELS FERROCA,ELECTRICBIKESTATION,41.3631066,2.1398322,10,PL. TERESA DE CLARAMUNT/C/ DELS FERROCARILS,8038,32,True,1000,True,,1661983179,2
336,346,"PG. ZONA FRANCA, 182",ELECTRICBIKESTATION,41.360798,2.138931,8,"PG. ZONA FRANCA, 182",8038,35,True,1000,True,,1661983179,2
337,347,"C/ ALTS FORNS, 77",ELECTRICBIKESTATION,41.3595484,2.1417765,9,"C/ ALTS FORNS, 77",8038,32,True,1000,True,,1661983179,2
338,348,JARDINS DE CAN FERRERO/PG.DE LA ZONA FR,ELECTRICBIKESTATION,41.357067,2.141563,7,JARDINS DE CAN FERRERO/PG.DE LA ZONA FRANCA,8038,33,True,1000,True,,1661983179,2
339,349,"C/ DE L'ENERGIA, 2 / ALTS FORNS",ELECTRICBIKESTATION,41.3573288,2.1371996,7,"C/ DE L'ENERGIA, 2 / ALTS FORNS",8038,32,True,1000,True,,1661983179,2
340,350,"C/ VILLARROEL, 208",ELECTRICBIKESTATION,41.392052,2.1480223,43,"C/ VILLARROEL, 208",8036,31,True,1000,True,,1661983179,2
341,351,"C/ JANE ADDAMS, 26/ CRTA. DEL PRAT",ELECTRICBIKESTATION,41.3621232,2.1356187,9,"C/ JANE ADDAMS, 26/ CRTA. DEL PRAT",8038,33,True,1000,True,,1661983179,2
342,352,"C/RADI,10/GRAN VIA DE LES CORTS CATALA",ELECTRICBIKESTATION,41.363279,2.1341586,9,"C/RADI,10/GRAN VIA DE LES CORTS CATALANES",8038,28,True,1000,True,,1661983179,2
343,353,C/ MUNNÉ  2-6,ELECTRICBIKESTATION,41.37541,2.1232547,34,C/ MUNNÉ  2-6,8028,30,True,1000,True,,1661983179,2
344,354,"RAMBLA DEL BRASIL, 5",ELECTRICBIKESTATION,41.3759419,2.1299539,28,"RAMBLA DEL BRASIL, 5",8028,25,True,1000,True,,1661983179,2
345,355,"C/ RIERA BLANCA, 123",ELECTRICBIKESTATION,41.371459,2.127854,22,"C/ RIERA BLANCA, 123",8028,21,True,1000,True,,1661983179,2
346,356,"C/ CAMÈLIES, 73",ELECTRICBIKESTATION,41.4134503,2.1631012,106,"C/ CAMÈLIES, 73",8024,27,True,1000,True,,1661983179,2
347,357,"C/ CARDENER, 59",ELECTRICBIKESTATION,41.4105956,2.1579897,87,"C/ CARDENER, 59",8024,27,True,1000,True,,1661983179,2
348,358,"C/ GOMBAU, 24",ELECTRICBIKESTATION,41.3872437,2.1793035,5,"C/ GOMBAU, 24",8003,26,True,1000,True,,1661983179,2
349,359,"C/ MÉNDEZ NÚÑEZ, 16",ELECTRICBIKESTATION,41.3900544,2.1775594,12,"C/ MÉNDEZ NÚÑEZ, 16",8003,25,True,1000,True,,1661983179,2
350,360,"C/ BAILÉN, 62",ELECTRICBIKESTATION,41.3952527,2.1730023,22,"C/ BAILÉN, 62",8009,30,True,1000,True,,1661983179,2
351,361,PG. DE COLOM (LES RAMBLES),ELECTRICBIKESTATION,41.37652,2.17881,5,PG. DE COLOM (LES RAMBLES),8039,33,True,1000,True,,1661983179,2
352,362,"C/ BAILÉN, 100",ELECTRICBIKESTATION,41.396994,2.1706323,27,"C/ BAILÉN, 100",8009,32,True,1000,True,,1661983179,2
353,363,"C/ BRUC, 20",ELECTRICBIKESTATION,41.3908381,2.1743743,16,"C/ BRUC, 20",8010,24,True,1000,True,,1661983179,2
354,364,"BITTER KAS-PG. DE GRÀCIA, 61",ELECTRICBIKESTATION,41.393062,2.1633226,32,"BITTER KAS-PG. DE GRÀCIA, 61",8007,33,True,1000,True,,1661983179,2
355,365,"C/ VILADOMAT, 244",ELECTRICBIKESTATION,41.3875712,2.1469336,39,"C/ VILADOMAT, 244",8029,30,True,1000,True,,1661983179,2
356,366,"LA RAMBLA, 75",ELECTRICBIKESTATION,41.3813118,2.1729725,8,"LA RAMBLA, 75",8002,18,True,1000,True,,1661983179,2
357,367,"C/ MARQUÈS DE SENTMENAT, 46",ELECTRICBIKESTATION,41.384972,2.1376205,44,"C/ MARQUÈS DE SENTMENAT, 46",8029,32,True,1000,True,,1661983179,2
358,368,"C/ DIPUTACIÓ, 373",ELECTRICBIKESTATION,41.3968391,2.1756598,21,"C/ DIPUTACIÓ, 373",8013,27,True,1000,True,,1661983179,2
359,369,"C/ CONSELL DE CENT, 482",ELECTRICBIKESTATION,41.40013,2.1780175,23,"C/ CONSELL DE CENT, 482",8013,27,True,1000,True,,1661983179,2
360,370,"C/ SARDENYA, 326",ELECTRICBIKESTATION,41.4039698,2.1729061,37,"C/ SARDENYA, 326",8025,32,True,1000,True,,1661983179,2
361,371,"C/ DELS ENAMORATS, 49",ELECTRICBIKESTATION,41.4040525,2.181199,19,"C/ DELS ENAMORATS, 49",8013,36,True,1000,True,,1661983179,2
362,372,"C/ RIBES, 77",ELECTRICBIKESTATION,41.4001015,2.1841711,9,"C/ RIBES, 77",8013,27,True,1000,True,,1661983179,2
363,373,"AV. PARAL.LEL, 132",ELECTRICBIKESTATION,41.3750995,2.1613897,13,"AV. PARAL.LEL, 132",8015,30,True,1000,True,,1661983179,2
364,374,"PG. DE GRÀCIA, 89",ELECTRICBIKESTATION,41.3949729,2.1612814,37,"PG. DE GRÀCIA, 89",8008,33,True,1000,True,,1661983179,2
365,375,WORLD TRADE CENTER,ELECTRICBIKESTATION,41.3720293,2.1804468,3,WORLD TRADE CENTER,8039,39,True,1000,True,,1661983179,2
366,376,WORLD  TRADE CENTER,ELECTRICBIKESTATION,41.3718728,2.180302,3,WORLD  TRADE CENTER,8039,39,True,1000,True,,1661983179,2
367,377,PL. ICTÍNEO,ELECTRICBIKESTATION,41.3776292,2.1836886,2,PL. ICTÍNEO,8039,29,True,1000,True,,1661983179,2
368,378,"PL. JOAQUIM XIRAU I PALAU, 1",ELECTRICBIKESTATION,41.3785379,2.1767427,5,"PL. JOAQUIM XIRAU I PALAU, 1",8002,21,True,1000,True,,1661983179,2
369,379,"AV. JOSEP TARRADELLAS, 27",ELECTRICBIKESTATION,41.3829333,2.1420704,35,"AV. JOSEP TARRADELLAS, 27",8029,21,True,1000,True,,1661983179,2
370,380,"C/ DURAN I BAS, 2",ELECTRICBIKESTATION,41.3854094,2.1740155,11,"C/ DURAN I BAS, 2",8002,24,True,1000,True,,1661983179,2
371,381,"C/ AGUSTÍ DURAN I SANPERE, 10",ELECTRICBIKESTATION,41.3816139,2.1677697,10,"C/ AGUSTÍ DURAN I SANPERE, 10",8001,41,True,1000,True,,1661983179,2
372,382,"C/ LOPE DE VEGA, 79",ELECTRICBIKESTATION,41.4038902,2.2041137,3,"C/ LOPE DE VEGA, 79",8005,27,True,1000,True,,1661983179,2
373,383,"C/ NUMÀNCIA, 2",ELECTRICBIKESTATION,41.381219,2.141767,32,"C/ NUMÀNCIA, 2",8029,24,True,1000,True,,1661983179,2
374,384,"C/ VILAMARÍ, 85",ELECTRICBIKESTATION,41.3807072,2.1468381,28,"C/ VILAMARÍ, 85",8015,26,True,1000,True,,1661983179,2
375,385,"C/ CASANOVA, 119",ELECTRICBIKESTATION,41.387888,2.1552902,30,"C/ CASANOVA, 119",8036,30,True,1000,True,,1661983179,2
376,386,AV. PARAL.LEL 164,ELECTRICBIKESTATION,41.3751866,2.1568773,17,AV. PARAL.LEL 164,8015,18,True,1000,True,,1661983179,2
377,387,"C/ NÀPOLS, 125",ELECTRICBIKESTATION,41.3957813,2.1787074,15,"C/ NÀPOLS, 125",8013,31,True,1000,True,,1661983179,2
378,388,"C/ RIERA ALTA, 6",ELECTRICBIKESTATION,41.3806411,2.1671611,10,"C/ RIERA ALTA, 6",8001,34,True,1000,True,,1661983179,2
379,389,RECINTE PARC DE LA CIUTADELLA,ELECTRICBIKESTATION,41.3873901,2.1875446,4,RECINTE PARC DE LA CIUTADELLA,8003,27,True,1000,True,,1661983179,2
380,390,"C/ COMERÇ, 36",ELECTRICBIKESTATION,41.3869612,2.1820169,5,"C/ COMERÇ, 36",8003,25,True,1000,True,,1661983179,2
381,391,"C/ GRAN DE LA SAGRERA, 74",ELECTRICBIKESTATION,41.4230551,2.1913753,22,"C/ GRAN DE LA SAGRERA, 74",8027,27,True,1000,True,,1661983179,2
382,392,"C/ RAMON TURRÓ, 4",ELECTRICBIKESTATION,41.3905303,2.1906339,5,"C/ RAMON TURRÓ, 4",8005,19,True,1000,True,,1661983179,2
383,393,"C/ LLACUNA, 86",ELECTRICBIKESTATION,41.4022657,2.1976297,3,"C/ LLACUNA, 86",8005,32,True,1000,True,,1661983179,2
384,394,"C/ DIPUTACIÓ, 226",ELECTRICBIKESTATION,41.3873057,2.1631263,25,"C/ DIPUTACIÓ, 226",8007,27,True,1000,True,,1661983179,2
385,395,"PL. CATALUNYA, 22",ELECTRICBIKESTATION,41.3860607,2.1702467,15,"PL. CATALUNYA, 22",8002,32,True,1000,True,,1661983179,2
386,396,"C/ JOAN MIRÓ, 2-12",ELECTRICBIKESTATION,41.3890253,2.1968267,5,"C/ JOAN MIRÓ, 2-12",8005,32,True,1000,True,,1661983179,2
387,397,AV. LITORAL (PG MARÍTIM DEL PORT OLÍMPI,ELECTRICBIKESTATION,41.3889129,2.1993105,6,AV. LITORAL (PG MARÍTIM DEL PORT OLÍMPIC),8005,26,True,1000,True,,1661983179,2
388,398,PG. MARÍTIM DE LA BARCELONETA/ANDREA DÒ,ELECTRICBIKESTATION,41.380955,2.1934636,4,PG. MARÍTIM DE LA BARCELONETA/ANDREA DÒRIA,8003,35,True,1000,True,,1661983179,2
389,399,"C/ PAVIA, 3",ELECTRICBIKESTATION,41.3734706,2.1332694,23,"C/ PAVIA, 3",8028,27,True,1000,True,,1661983179,2
390,400,MOLL ORIENTAL,ELECTRICBIKESTATION,41.3694508,2.1879597,3,MOLL ORIENTAL,8039,44,True,1000,True,,1661983179,2
391,401,PL. ANTONIO LÓPEZ ( VIA LAIETANA),ELECTRICBIKESTATION,41.381276,2.181845,4,PL. ANTONIO LÓPEZ ( VIA LAIETANA),8002,24,True,1000,True,,1661983179,2
392,402,PG. DE COLOM (VIA LAIETANA),ELECTRICBIKESTATION,41.380628,2.1821917,4,PG. DE COLOM (VIA LAIETANA),8002,31,True,1000,True,,1661983179,2
393,403,"C/ VALLESPIR, 49",ELECTRICBIKESTATION,41.3796421,2.1368202,32,"C/ VALLESPIR, 49",8014,22,True,1000,True,,1661983179,2
394,404,"C/ JUAN GRIS, 28",ELECTRICBIKESTATION,41.3653426,2.1331357,11,"C/ JUAN GRIS, 28",8014,32,True,1000,True,,1661983179,2
395,405,"C/ COMTE BORRELL, 198",ELECTRICBIKESTATION,41.3854003,2.1521802,28,"C/ COMTE BORRELL, 198",8029,26,True,1000,True,,1661983179,2
396,406,"GRAN VIA DE LES CORTS CATALANES, 592",ELECTRICBIKESTATION,41.3863747,2.1646697,21,"GRAN VIA DE LES CORTS CATALANES, 592",8007,32,True,1000,True,,1661983179,2
397,408,"C/ RAMON TRIAS FARGAS, 23",ELECTRICBIKESTATION,41.3889972,2.1923283,5,"C/ RAMON TRIAS FARGAS, 23",8005,39,True,1000,True,,1661983179,2
398,409,"C/ JOAN D'ÀUSTRIA, 31B",ELECTRICBIKESTATION,41.392384,2.1925059,5,"C/ JOAN D'ÀUSTRIA, 31B",8005,27,True,1000,True,,1661983179,2
399,410,PG.DE COLOM (LES RAMBLES),ELECTRICBIKESTATION,41.376433,2.17871,5,PG.DE COLOM (LES RAMBLES),8039,38,True,1000,True,,1661983179,2
400,411,"C/ JOSEP PLA, 67",ELECTRICBIKESTATION,41.411381,2.2122054,4,"C/ JOSEP PLA, 67",8019,24,True,1000,True,,1661983179,2
401,412,"PL. URQUINAONA, 3",ELECTRICBIKESTATION,41.3893094,2.1727457,17,"PL. URQUINAONA, 3",8010,27,True,1000,True,,1661983179,2
402,413,"C/ BRUC, 66",ELECTRICBIKESTATION,41.393489,2.1707419,24,"C/ BRUC, 66",8009,32,True,1000,True,,1661983179,2
403,414,"C/ CASP, 67",ELECTRICBIKESTATION,41.3937234,2.1764275,16,"C/ CASP, 67",8010,33,True,1000,True,,1661983179,2
404,415,"RAMBLA DEL RAVAL, 13",ELECTRICBIKESTATION,41.3793558,2.1689592,8,"RAMBLA DEL RAVAL, 13",8001,24,True,1000,True,,1661983179,2
405,416,"RAMBLA DEL RAVAL, 20",ELECTRICBIKESTATION,41.3781065,2.1696744,6,"RAMBLA DEL RAVAL, 20",8001,27,True,1000,True,,1661983179,2
406,417,"C/ VILLAR, 2",ELECTRICBIKESTATION,41.4164824,2.1801094,46,"C/ VILLAR, 2",8041,32,True,1000,True,,1661983179,2
407,418,PG. DE LLUíS COMPANYS (ARC DE TRIOMF),ELECTRICBIKESTATION,41.391062,2.1801142,10,PG. DE LLUíS COMPANYS (ARC DE TRIOMF),8018,27,True,1000,True,,1661983179,2
408,419,PG.DE LLUíS COMPANYS (ARC DE TRIOMF),ELECTRICBIKESTATION,41.391313,2.1808391,10,PG.DE LLUíS COMPANYS (ARC DE TRIOMF),8018,33,True,1000,True,,1661983179,2
409,421,"C/ VALLESPIR, 13",ELECTRICBIKESTATION,41.378118,2.1378667,30,"C/ VALLESPIR, 13",8014,25,True,1000,True,,1661983179,2
410,422,"C/ JORDI GIRONA, 29",ELECTRICBIKESTATION,41.3881175,2.1154135,82,"C/ JORDI GIRONA, 29",8034,28,True,1000,True,,1661983179,2
411,423,"C/ HONDURAS, 32-34",ELECTRICBIKESTATION,41.4202459,2.1894852,22,"C/ HONDURAS, 32-34",8027,31,True,1000,True,,1661983179,2
412,424,PG. MARÍTIM DE LA BARCELONETA,ELECTRICBIKESTATION,41.3795862,2.1925198,7,PG. MARÍTIM DE LA BARCELONETA,8003,27,True,1000,True,,1661983179,2
413,425,"C/ DE CERVELLÓ, 5",ELECTRICBIKESTATION,41.3765618,2.1748621,5,"C/ DE CERVELLÓ, 5",8001,24,True,1000,True,,1661983179,2
414,426,"C/ DE RIBES, 59 B",ELECTRICBIKESTATION,41.39828,2.1830315,12,"C/ DE RIBES, 59 B",8013,33,True,1000,True,,1661983179,2
415,427,"C/ DE SANT PAU, 119/ RONDA SANT PAU",ELECTRICBIKESTATION,41.3754047,2.1680021,9,"C/ DE SANT PAU, 119/ RONDA SANT PAU",8001,26,True,1000,True,,1661983179,2
416,428,"C/ PUJADES, 103",ELECTRICBIKESTATION,41.3983902,2.1960799,3,"C/ PUJADES, 103",8005,27,True,1000,True,,1661983179,2
417,429,"C/ GRAN CAPITÀ, 9",ELECTRICBIKESTATION,41.3881262,2.1091535,105,"C/ GRAN CAPITÀ, 9",8034,28,True,1000,True,,1661983179,2
418,430,"C/ ALFAMBRA, 2 | AV. DIAGONAL",ELECTRICBIKESTATION,41.385641,2.113096,77,"C/ ALFAMBRA, 2 | AV. DIAGONAL",8034,28,True,1000,True,,1661983179,2
419,431,"AV. JOAN XXIII, 17",ELECTRICBIKESTATION,41.383467,2.122175,53,"AV. JOAN XXIII, 17",8028,20,True,1000,True,,1661983179,2
420,432,"C/ MARTÍ I FRANQUÈS, 1",ELECTRICBIKESTATION,41.3847061,2.1170751,63,"C/ MARTÍ I FRANQUÈS, 1",8028,28,True,1000,True,,1661983179,2
421,433,"C/ JOHN MAYNARD KEYNES, 2 | AV. DIAGONAL",ELECTRICBIKESTATION,41.3862258,2.1168609,70,"C/ JOHN MAYNARD KEYNES, 2 | AV. DIAGONAL",8034,30,True,1000,True,,1661983179,2
422,434,"C/ ROGER, 24",ELECTRICBIKESTATION,41.3767538,2.1269152,34,"C/ ROGER, 24",8028,27,True,1000,True,,1661983179,2
423,435,"AV. DOCTOR MARAÑON, 25 | C/ PAU GARGALLO",ELECTRICBIKESTATION,41.383585,2.112186,64,"AV. DOCTOR MARAÑON, 25 | C/ PAU GARGALLO",8028,27,True,1000,True,,1661983179,2
424,436,"PG. ZONA FRANCA, 54",ELECTRICBIKESTATION,41.3545425,2.1433038,6,"PG. ZONA FRANCA, 54",8038,19,True,1000,True,,1661983179,2
425,437,"PG. ZONA FRANCA, 9",ELECTRICBIKESTATION,41.3513237,2.1450958,5,"PG. ZONA FRANCA, 9",8038,36,True,1000,True,,1661983179,2
426,438,"C/ NÀPOLS, 183",ELECTRICBIKESTATION,41.3981669,2.1754896,22,"C/ NÀPOLS, 183",8013,27,True,1000,True,,1661983179,2
427,439,"RBLA. BADAL, 73 | C/ CONSTITUCIÓ",ELECTRICBIKESTATION,41.3685394,2.1328403,14,"RBLA. BADAL, 73 | C/ CONSTITUCIÓ",8014,18,True,1000,True,,1661983179,2
428,440,"C/ SELVA DE MAR, 230",ELECTRICBIKESTATION,41.417694,2.1976864,9,"C/ SELVA DE MAR, 230",8020,27,True,1000,True,,1661983179,2
429,441,"C/ WATT, 2",ELECTRICBIKESTATION,41.3754426,2.1398409,25,"C/ WATT, 2",8014,18,True,1000,True,,1661983179,2
430,442,"C/ MINERIA, 30",ELECTRICBIKESTATION,41.3649272,2.138599,11,"C/ MINERIA, 30",8038,18,True,1000,True,,1661983179,2
431,443,"C/ CASANOVA, 139",ELECTRICBIKESTATION,41.3887127,2.1542277,33,"C/ CASANOVA, 139",8036,32,True,1000,True,,1661983179,2
432,444,"C/ LLEIDA, 40",ELECTRICBIKESTATION,41.3717304,2.1554047,33,"C/ LLEIDA, 40",8004,27,True,1000,True,,1661983179,2
433,445,"C/ VILAMARÍ, 2",ELECTRICBIKESTATION,41.3755016,2.154004,21,"C/ VILAMARÍ, 2",8015,24,True,1000,True,,1661983179,2
434,446,"PG. JOAN DE BORBÓ, 42",ELECTRICBIKESTATION,41.3779974,2.1884228,4,"PG. JOAN DE BORBÓ, 42",8003,15,True,1000,True,,1661983179,2
435,447,"C/ ALMOGÀVERS, 63",ELECTRICBIKESTATION,41.3943033,2.1860256,10,"C/ ALMOGÀVERS, 63",8018,27,True,1000,True,,1661983179,2
436,448,"C/ RAMÓN TURRÓ, 160",ELECTRICBIKESTATION,41.3972809,2.1997869,3,"C/ RAMÓN TURRÓ, 160",8005,27,True,1000,True,,1661983179,2
437,449,"C/ BOLIVIA, 120",ELECTRICBIKESTATION,41.4058109,2.1949461,5,"C/ BOLIVIA, 120",8018,27,True,1000,True,,1661983179,2
438,450,"C/ CRISTOBAL DE MOURA, 84",ELECTRICBIKESTATION,41.410712,2.2061691,3,"C/ CRISTOBAL DE MOURA, 84",8019,27,True,1000,True,,1661983179,2
439,451,"C/ PALLARS, 504",ELECTRICBIKESTATION,41.4140598,2.2150487,4,"C/ PALLARS, 504",8019,24,True,1000,True,,1661983179,2
440,452,"GRAN VIA DE LES CORTS CATALANES, 1157 (D)",ELECTRICBIKESTATION,41.4194972,2.20934,8,"GRAN VIA DE LES CORTS CATALANES, 1157 (D)",8020,53,True,1000,True,,1661983179,2
441,454,"C/ SARDENYA, 402",ELECTRICBIKESTATION,41.4072349,2.1684799,56,"C/ SARDENYA, 402",8025,27,True,1000,True,,1661983179,2
442,455,"C/ PROVENÇA, 595",ELECTRICBIKESTATION,41.4105848,2.1826833,27,"C/ PROVENÇA, 595",8026,22,True,1000,True,,1661983179,2
443,456,"C/ MÚRCIA, 1",ELECTRICBIKESTATION,41.4143392,2.1874539,22,"C/ MÚRCIA, 1",8026,21,True,1000,True,,1661983179,2
444,457,"C/ GRANADELLA, 10-19 | C/ SAS",ELECTRICBIKESTATION,41.4383117,2.2039823,12,"C/ GRANADELLA, 10-19 | C/ SAS",8030,18,True,1000,True,,1661983179,2
445,458,"C/ TUCUMÁN, 21",ELECTRICBIKESTATION,41.4457962,2.2010422,17,"C/ TUCUMÁN, 21",8030,24,True,1000,True,,1661983179,2
446,459,"PG. SANTA COLOMA, 105",ELECTRICBIKESTATION,41.4479402,2.1976757,24,"PG. SANTA COLOMA, 105",8030,27,True,1000,True,,1661983179,2
447,460,"C/ MIREIA, 28",ELECTRICBIKESTATION,41.4513863,2.1894717,56,"C/ MIREIA, 28",8033,15,True,1000,True,,1661983179,2
448,461,"AV. RIO DE JANEIRO, 118",ELECTRICBIKESTATION,41.442489,2.185727,43,"AV. RIO DE JANEIRO, 118",8016,28,True,1000,True,,1661983179,2
449,462,"C/ PALAMÓS, 33",ELECTRICBIKESTATION,41.446923,2.184857,61,"C/ PALAMÓS, 33",8033,28,True,1000,True,,1661983179,2
450,463,"C/ PEDROSA, 24",ELECTRICBIKESTATION,41.4490679,2.1833801,68,"C/ PEDROSA, 24",8033,24,True,1000,True,,1661983179,2
451,464,"AV. RIO DE JANEIRO, 96",ELECTRICBIKESTATION,41.439692,2.182335,47,"AV. RIO DE JANEIRO, 96",8016,24,True,1000,True,,1661983179,2
452,465,"C/ ROSSELLÓ, 261",ELECTRICBIKESTATION,41.3954094,2.1599427,41,"C/ ROSSELLÓ, 261",8008,27,True,1000,True,,1661983179,2
453,466,"C/ PABLO IGLESIAS, 21",ELECTRICBIKESTATION,41.443387,2.1813051,63,"C/ PABLO IGLESIAS, 21",8016,30,True,1000,True,,1661983179,2
454,467,PL. JESÚS CARRASCO,ELECTRICBIKESTATION,41.4450463,2.176726,93,PL. JESÚS CARRASCO,8042,20,True,1000,True,,1661983179,2
455,468,"C/ NOU BARRIS, 23",ELECTRICBIKESTATION,41.4480464,2.1775154,107,"C/ NOU BARRIS, 23",8042,18,True,1000,True,,1661983179,2
456,469,"C/ SANT FRANCESC XAVIER, 1",ELECTRICBIKESTATION,41.4417001,2.1781553,72,"C/ SANT FRANCESC XAVIER, 1",8016,18,True,1000,True,,1661983179,2
457,470,"C/ GÒNGORA, 23",ELECTRICBIKESTATION,41.4432762,2.1746238,93,"C/ GÒNGORA, 23",8042,24,True,1000,True,,1661983179,2
458,471,"PG. VALLDAURA, 171",ELECTRICBIKESTATION,41.4389014,2.1715576,78,"PG. VALLDAURA, 171",8042,24,True,1000,True,,1661983179,2
459,472,"VIA FAVÈNCIA, 186",ELECTRICBIKESTATION,41.4427374,2.170393,105,"VIA FAVÈNCIA, 186",8042,24,True,1000,True,,1661983179,2
460,473,"PG. FABRA I PUIG, 449",ELECTRICBIKESTATION,41.4388644,2.1657506,94,"PG. FABRA I PUIG, 449",8042,31,True,1000,True,,1661983179,2
461,474,"VIA FAVÈNCIA, 47",ELECTRICBIKESTATION,41.4418604,2.1664224,102,"VIA FAVÈNCIA, 47",8042,24,True,1000,True,,1661983179,2
462,475,"C/ CAMPO FLORIDO, 66",ELECTRICBIKESTATION,41.4216738,2.1799878,46,"C/ CAMPO FLORIDO, 66",8027,19,True,1000,True,,1661983179,2
463,476,"C/ PERIODISTES, 9",ELECTRICBIKESTATION,41.422037,2.174401,80,"C/ PERIODISTES, 9",8032,18,True,1000,True,,1661983179,2
464,477,"C/ AMILCAR, 78",ELECTRICBIKESTATION,41.4260751,2.1722534,69,"C/ AMILCAR, 78",8032,26,True,1000,True,,1661983179,2
465,478,"C/ ESCULTOR LLIMONA, 7",ELECTRICBIKESTATION,41.4276076,2.1697582,65,"C/ ESCULTOR LLIMONA, 7",8031,30,True,1000,True,,1661983179,2
466,479,"PG. FABRA I PUIG, 344",ELECTRICBIKESTATION,41.430623,2.1671068,73,"PG. FABRA I PUIG, 344",8031,18,True,1000,True,,1661983179,2
467,480,"PG. FABRA I PUIG, 385",ELECTRICBIKESTATION,41.4333259,2.1629258,92,"PG. FABRA I PUIG, 385",8031,28,True,1000,True,,1661983179,2
468,481,"PG. FABRA I PUIG, 411",ELECTRICBIKESTATION,41.4357978,2.163872,89,"PG. FABRA I PUIG, 411",8031,27,True,1000,True,,1661983179,2
469,482,"PG. UNIVERSAL, 29 | C/ DOCTOR LETAMENDI",ELECTRICBIKESTATION,41.4372022,2.1620235,95,"PG. UNIVERSAL, 29 | C/ DOCTOR LETAMENDI",8042,24,True,1000,True,,1661983179,2
470,483,"C/ TAJO, 77",ELECTRICBIKESTATION,41.42961,2.15958,79,"C/ TAJO, 77",8032,18,True,1000,True,,1661983179,2
471,484,"C/ EDUARD TODA, 33 | C/ DOCTOR LETAMENDI",ELECTRICBIKESTATION,41.4345997,2.1585268,104,"C/ EDUARD TODA, 33 | C/ DOCTOR LETAMENDI",8031,27,True,1000,True,,1661983179,2
472,485,"PG. VALLDAURA, 26",ELECTRICBIKESTATION,41.4374904,2.1565742,121,"PG. VALLDAURA, 26",8031,27,True,1000,True,,1661983179,2
473,486,"C/ PORTO, 35 | AV. ESTATUT DE CATALUNYA",ELECTRICBIKESTATION,41.4306102,2.1564551,81,"C/ PORTO, 35 | AV. ESTATUT DE CATALUNYA",8032,28,True,1000,True,,1661983179,2
474,487,"C/ LISBOA, 128",ELECTRICBIKESTATION,41.4267638,2.1521909,98,"C/ LISBOA, 128",8032,27,True,1000,True,,1661983179,2
475,488,"AV. CAN MARCET, 36",ELECTRICBIKESTATION,41.4347859,2.147904,132,"AV. CAN MARCET, 36",8035,27,True,1000,True,,1661983179,2
476,489,"C/ JORGE MANRIQUE, 15",ELECTRICBIKESTATION,41.4312335,2.1499103,119,"C/ JORGE MANRIQUE, 15",8035,27,True,1000,True,,1661983179,2
477,490,"PG. VALL D'HEBRÓN, 168",ELECTRICBIKESTATION,41.4280668,2.1443777,150,"PG. VALL D'HEBRÓN, 168",8035,50,True,1000,True,,1661983179,2
478,491,"C/ PARE MARIANA, 24",ELECTRICBIKESTATION,41.4306689,2.1456449,125,"C/ PARE MARIANA, 24",8035,27,True,1000,True,,1661983179,2
479,492,PL. TETUAN,ELECTRICBIKESTATION,41.3943454,2.1751709,18,PL. TETUAN,8010,24,True,1000,True,,1661983179,2
480,493,"PG. VALL D'HEBRÓN, 80",ELECTRICBIKESTATION,41.419965,2.1401823,166,"PG. VALL D'HEBRÓN, 80",8023,24,True,1000,True,,1661983179,2
481,494,RAMBLA CATALUNYA/DIPUTACIO,ELECTRICBIKESTATION,41.3896967,2.1652199,25,RAMBLA CATALUNYA/DIPUTACIO,8007,24,True,1000,True,,1661983179,2
482,495,"C/ DIPUTACIÓ, 22",ELECTRICBIKESTATION,41.377846,2.150523,24,"C/ DIPUTACIÓ, 22",8015,21,True,1000,True,,1661983179,2
483,496,"C/ PROVENÇA,  445",ELECTRICBIKESTATION,41.4048623,2.174799,33,"C/ PROVENÇA, 445",8025,18,True,1000,True,,1661983179,2
484,497,"PTGE. MALUQUER, 16",ELECTRICBIKESTATION,41.4095489,2.1360313,124,"PTGE. MALUQUER, 16",8022,26,True,1000,True,,1661983179,2
485,498,"C/ ESTEVE TERRADAS, 42",ELECTRICBIKESTATION,41.4144967,2.1402433,145,"C/ ESTEVE TERRADAS, 42",8023,26,True,1000,True,,1661983179,2
486,499,"AV. VALLCARCA, 196",ELECTRICBIKESTATION,41.4160558,2.1421504,127,"AV. VALLCARCA, 196",8023,27,True,1000,True,,1661983179,2
487,500,"AV. VALLCARCA, 108",ELECTRICBIKESTATION,41.4119568,2.1447518,102,"AV. VALLCARCA, 108",8023,27,True,1000,True,,1661983179,2
488,501,"C/ ELISA, 1",ELECTRICBIKESTATION,41.4052698,2.1420204,95,"C/ ELISA, 1",8023,16,True,1000,True,,1661983179,2
489,502,"AV. VALLCARCA, 11",ELECTRICBIKESTATION,41.4074444,2.1492066,88,"AV. VALLCARCA, 11",8023,19,True,1000,True,,1661983179,2
490,503,"C/ MAIGNON, 31-41",ELECTRICBIKESTATION,41.4095926,2.1524953,105,"C/ MAIGNON, 31-41",8024,30,True,1000,True,,1661983179,2
491,504,"C/ MASSENS, 76",ELECTRICBIKESTATION,41.4092333,2.1557747,87,"C/ MASSENS, 76",8024,28,True,1000,True,,1661983179,2
492,505,"C/ CAMÈLIES, 78",ELECTRICBIKESTATION,41.4145614,2.1658677,118,"C/ CAMÈLIES, 78",8024,27,True,1000,True,,1661983179,2
493,506,"C/ GARRIGA I ROCA, 2",ELECTRICBIKESTATION,41.4191957,2.1718497,107,"C/ GARRIGA I ROCA, 2",8041,15,True,1000,True,,1661983179,2
494,507,"C/ SARDENYA, 494",ELECTRICBIKESTATION,41.4107641,2.1640965,81,"C/ SARDENYA, 494",8024,24,True,1000,True,,1661983179,2
495,508,"C/ SARDENYA, 465",ELECTRICBIKESTATION,41.4090922,2.1656378,70,"C/ SARDENYA, 465",8025,27,True,1000,True,,1661983179,2
496,509,"C/ TORRENT DE L'OLLA, 11",ELECTRICBIKESTATION,41.3989713,2.1606736,46,"C/ TORRENT DE L'OLLA, 11",8012,28,True,1000,True,,1661983179,2
497,510,"C/ GRAN DE GRÀCIA, 37",ELECTRICBIKESTATION,41.3989151,2.1564253,55,"C/ GRAN DE GRÀCIA, 37",8012,27,True,1000,True,,1661983179,2
498,511,"C/ GRAN DE GRÀCIA, 91",ELECTRICBIKESTATION,41.4006862,2.1543317,61,"C/ GRAN DE GRÀCIA, 91",8012,20,True,1000,True,,1661983179,2
499,512,"C/ D'ALACANT, 12",ELECTRICBIKESTATION,41.4000778,2.1326911,96,"C/ D'ALACANT, 12",8017,27,True,1000,True,,1661983179,2
500,513,"VIA AUGUSTA, 317",ELECTRICBIKESTATION,41.399017,2.124329,111,"VIA AUGUSTA, 317",8017,28,True,1000,True,,1661983179,2
501,514,"C/ ARAGÓ, 614",ELECTRICBIKESTATION,41.4095069,2.1885055,16,"C/ ARAGÓ, 614",8018,18,True,1000,True,,1661983179,2
502,515,"C/ SANT ADRIÀ, 43",ELECTRICBIKESTATION,41.4352071,2.1948002,19,"C/ SANT ADRIÀ, 43",8030,24,True,1000,True,,1661983179,2
503,516,"C/ SANT ADRIÀ, 88",ELECTRICBIKESTATION,41.4354601,2.2001569,15,"C/ SANT ADRIÀ, 88",8030,21,True,1000,True,,1661983179,2
504,517,"AV. RASOS DE PEGUERA, 10",ELECTRICBIKESTATION,41.462095,2.178959,44,"AV. RASOS DE PEGUERA, 10",8033,20,True,1000,True,,1661983179,2
505,518,"C/ LLOBREGÓS, 115",ELECTRICBIKESTATION,41.4246885,2.1570492,112,"C/ LLOBREGÓS, 115",8032,27,True,1000,True,,1661983179,2
506,519,"C/ PEDRELL, 52",ELECTRICBIKESTATION,41.4246548,2.166289,110,"C/ PEDRELL, 52",8032,24,True,1000,True,,1661983179,2
